number,value,datetime_start,datetime_complete,duration,params_C,params_feature_select_C,params_min_recall,params_model_type,params_phenotype_clusters,params_pos_weight,params_stack_readmission,user_attrs_summary,state
0,0.6001071278835379,2025-09-12 15:58:26.896414,2025-09-12 16:01:11.625450,0 days 00:02:44.729036,0.12889754355048916,0.06588411868783546,,logreg,6,0.9247558427376338,0,"{'model_type': 'logreg', 'pos_weight': 0.9247558427376338, 'C': 0.12889754355048916, 'min_recall': None, 'feature_select_C': 0.06588411868783546, 'phenotype_clusters': 6, 'stack_readmission': 0, 'roc_auc': 0.6001071278835379, 'pr_auc': 0.05961749299205431, 'f1': 0.1211453744493392, 'precision': 0.08308157099697885, 'recall': 0.22357723577235772, 'brier': 0.041171813543659015, 'ece': 0.00488966638477834, 'threshold': 0.0668207746214077, 'run_dir': 'project/tuning/logistic_joint\\trial_0\\logreg_pw0.9247558427376338_C0.12889754355048916_fs0.06588411868783546_ph6'}",COMPLETE
1,0.6080268326999658,2025-09-12 16:01:11.627194,2025-09-12 16:17:37.321587,0 days 00:16:25.694393,0.4756589878174337,0.974140020034156,,logreg,4,1.3060959670257444,1,"{'model_type': 'logreg', 'pos_weight': 1.3060959670257444, 'C': 0.4756589878174337, 'min_recall': None, 'feature_select_C': 0.974140020034156, 'phenotype_clusters': 4, 'stack_readmission': 1, 'roc_auc': 0.6080268326999658, 'pr_auc': 0.06204095325483373, 'f1': 0.11884368308351177, 'precision': 0.06843403205918619, 'recall': 0.45121951219512196, 'brier': 0.04110024393723885, 'ece': 0.007645431355171893, 'threshold': 0.0543785919026721, 'run_dir': 'project/tuning/logistic_joint\\trial_1\\logreg_pw1.3060959670257444_C0.4756589878174337_fs0.974140020034156_ph4_stack'}",COMPLETE
2,0.6169234453401609,2025-09-12 16:17:37.323339,2025-09-12 16:25:18.404906,0 days 00:07:41.081567,0.8213330777480216,0.6112093267997954,,logreg,6,1.0375635724355319,0,"{'model_type': 'logreg', 'pos_weight': 1.0375635724355319, 'C': 0.8213330777480216, 'min_recall': None, 'feature_select_C': 0.6112093267997954, 'phenotype_clusters': 6, 'stack_readmission': 0, 'roc_auc': 0.6169234453401609, 'pr_auc': 0.06341156493096087, 'f1': 0.1235632183908046, 'precision': 0.09555555555555556, 'recall': 0.17479674796747968, 'brier': 0.041060602553077474, 'ece': 0.00727480367255117, 'threshold': 0.06821546450253803, 'run_dir': 'project/tuning/logistic_joint\\trial_2\\logreg_pw1.0375635724355319_C0.8213330777480216_fs0.6112093267997954_ph6'}",COMPLETE
3,0.6110407369443487,2025-09-12 16:25:18.406670,2025-09-12 16:34:31.104000,0 days 00:09:12.697330,0.42569852236268724,0.6160892061159975,,logreg,4,2.920749255348655,1,"{'model_type': 'logreg', 'pos_weight': 2.920749255348655, 'C': 0.42569852236268724, 'min_recall': None, 'feature_select_C': 0.6160892061159975, 'phenotype_clusters': 4, 'stack_readmission': 1, 'roc_auc': 0.6110407369443487, 'pr_auc': 0.06252853998985014, 'f1': 0.12114989733059549, 'precision': 0.08104395604395605, 'recall': 0.23983739837398374, 'brier': 0.041102582892654754, 'ece': 0.0035513509938895713, 'threshold': 0.0626817422982722, 'run_dir': 'project/tuning/logistic_joint\\trial_3\\logreg_pw2.920749255348655_C0.42569852236268724_fs0.6160892061159975_ph4_stack'}",COMPLETE
4,0.6103137444477766,2025-09-12 16:34:31.105482,2025-09-12 16:44:55.731104,0 days 00:10:24.625622,0.3572311651287179,0.7871451949622682,,logreg,0,2.920467181057794,0,"{'model_type': 'logreg', 'pos_weight': 2.920467181057794, 'C': 0.3572311651287179, 'min_recall': None, 'feature_select_C': 0.7871451949622682, 'phenotype_clusters': 0, 'stack_readmission': 0, 'roc_auc': 0.6103137444477766, 'pr_auc': 0.06339429765457413, 'f1': 0.1244343891402715, 'precision': 0.08620689655172414, 'recall': 0.22357723577235772, 'brier': 0.04108387345108754, 'ece': 0.00577022228286801, 'threshold': 0.06561834121415375, 'run_dir': 'project/tuning/logistic_joint\\trial_4\\logreg_pw2.920467181057794_C0.3572311651287179_fs0.7871451949622682_ph0'}",COMPLETE
5,0.6102533171597087,2025-09-12 16:44:55.732580,2025-09-12 17:04:45.729088,0 days 00:19:49.996508,3.764947764828717,1.3792085219866872,,logreg,6,1.6902972550799265,1,"{'model_type': 'logreg', 'pos_weight': 1.6902972550799265, 'C': 3.764947764828717, 'min_recall': None, 'feature_select_C': 1.3792085219866872, 'phenotype_clusters': 6, 'stack_readmission': 1, 'roc_auc': 0.6102533171597087, 'pr_auc': 0.062065788889492754, 'f1': 0.11724723874256585, 'precision': 0.07411385606874328, 'recall': 0.2804878048780488, 'brier': 0.041079924177115354, 'ece': 0.004056542901215906, 'threshold': 0.05975375912147483, 'run_dir': 'project/tuning/logistic_joint\\trial_5\\logreg_pw1.6902972550799265_C3.764947764828717_fs1.3792085219866872_ph6_stack'}",COMPLETE
6,0.6119464002494677,2025-09-12 17:04:45.730797,2025-09-12 17:24:30.082938,0 days 00:19:44.352141,0.13981199807153466,1.4248342485979488,,logreg,4,1.4563343818722414,1,"{'model_type': 'logreg', 'pos_weight': 1.4563343818722414, 'C': 0.13981199807153466, 'min_recall': None, 'feature_select_C': 1.4248342485979488, 'phenotype_clusters': 4, 'stack_readmission': 1, 'roc_auc': 0.6119464002494677, 'pr_auc': 0.06327098330949876, 'f1': 0.1300639658848614, 'precision': 0.08815028901734104, 'recall': 0.24796747967479674, 'brier': 0.04108063856172769, 'ece': 0.006282340605486584, 'threshold': 0.06647358971904278, 'run_dir': 'project/tuning/logistic_joint\\trial_6\\logreg_pw1.4563343818722414_C0.13981199807153466_fs1.4248342485979488_ph4_stack'}",COMPLETE
7,0.6073718307379441,2025-09-12 17:24:30.084510,2025-09-12 17:41:57.513759,0 days 00:17:27.429249,0.48162284025388225,1.2934477026831157,,logreg,4,2.70299844552322,1,"{'model_type': 'logreg', 'pos_weight': 2.70299844552322, 'C': 0.48162284025388225, 'min_recall': None, 'feature_select_C': 1.2934477026831157, 'phenotype_clusters': 4, 'stack_readmission': 1, 'roc_auc': 0.6073718307379441, 'pr_auc': 0.06213498341847857, 'f1': 0.13245033112582782, 'precision': 0.08631319358816276, 'recall': 0.2845528455284553, 'brier': 0.041109317823581425, 'ece': 0.004992303138359048, 'threshold': 0.0627294598046998, 'run_dir': 'project/tuning/logistic_joint\\trial_7\\logreg_pw2.70299844552322_C0.48162284025388225_fs1.2934477026831157_ph4_stack'}",COMPLETE
8,0.604575017121065,2025-09-12 17:41:57.515450,2025-09-12 17:44:46.729398,0 days 00:02:49.213948,0.6647454868676707,0.05054653904761426,,logreg,6,2.4798710354205986,0,"{'model_type': 'logreg', 'pos_weight': 2.4798710354205986, 'C': 0.6647454868676707, 'min_recall': None, 'feature_select_C': 0.05054653904761426, 'phenotype_clusters': 6, 'stack_readmission': 0, 'roc_auc': 0.604575017121065, 'pr_auc': 0.059530266063450674, 'f1': 0.11819235225955968, 'precision': 0.08265802269043761, 'recall': 0.2073170731707317, 'brier': 0.041130306573837344, 'ece': 0.006165796541409381, 'threshold': 0.06576269884008022, 'run_dir': 'project/tuning/logistic_joint\\trial_8\\logreg_pw2.4798710354205986_C0.6647454868676707_fs0.05054653904761426_ph6'}",COMPLETE
9,0.6024649111420459,2025-09-12 17:44:46.730927,2025-09-12 17:48:21.201227,0 days 00:03:34.470300,3.6179277923074378,0.06571020582028023,,logreg,0,1.1956486839056286,1,"{'model_type': 'logreg', 'pos_weight': 1.1956486839056286, 'C': 3.6179277923074378, 'min_recall': None, 'feature_select_C': 0.06571020582028023, 'phenotype_clusters': 0, 'stack_readmission': 1, 'roc_auc': 0.6024649111420459, 'pr_auc': 0.058211996468761046, 'f1': 0.11213389121338913, 'precision': 0.07060063224446786, 'recall': 0.27235772357723576, 'brier': 0.041174780766953585, 'ece': 0.004855141773883987, 'threshold': 0.061082295717906895, 'run_dir': 'project/tuning/logistic_joint\\trial_9\\logreg_pw1.1956486839056286_C3.6179277923074378_fs0.06571020582028023_ph0_stack'}",COMPLETE
10,0.6127893982188124,2025-09-12 17:48:21.202851,2025-09-12 17:53:58.357222,0 days 00:05:37.154371,1.4324678143536642,0.2982552056863965,,logreg,6,0.6070929480880249,0,"{'model_type': 'logreg', 'pos_weight': 0.6070929480880249, 'C': 1.4324678143536642, 'min_recall': None, 'feature_select_C': 0.2982552056863965, 'phenotype_clusters': 6, 'stack_readmission': 0, 'roc_auc': 0.6127893982188124, 'pr_auc': 0.06275336906093104, 'f1': 0.11910112359550562, 'precision': 0.08229813664596274, 'recall': 0.21544715447154472, 'brier': 0.041101427541001885, 'ece': 0.005705979122242837, 'threshold': 0.06652625713754733, 'run_dir': 'project/tuning/logistic_joint\\trial_10\\logreg_pw0.6070929480880249_C1.4324678143536642_fs0.2982552056863965_ph6'}",COMPLETE
11,0.6122522667693184,2025-09-12 17:53:58.358888,2025-09-12 17:59:50.644853,0 days 00:05:52.285965,1.4735326520968675,0.3024506597246696,,logreg,6,0.6001699929072755,0,"{'model_type': 'logreg', 'pos_weight': 0.6001699929072755, 'C': 1.4735326520968675, 'min_recall': None, 'feature_select_C': 0.3024506597246696, 'phenotype_clusters': 6, 'stack_readmission': 0, 'roc_auc': 0.6122522667693184, 'pr_auc': 0.06388198307825911, 'f1': 0.12359550561797752, 'precision': 0.0944206008583691, 'recall': 0.17886178861788618, 'brier': 0.041083061708673686, 'ece': 0.006136406639003201, 'threshold': 0.07096150527462032, 'run_dir': 'project/tuning/logistic_joint\\trial_11\\logreg_pw0.6001699929072755_C1.4735326520968675_fs0.3024506597246696_ph6'}",COMPLETE
12,0.6147928239238348,2025-09-12 17:59:50.646388,2025-09-12 18:05:39.898918,0 days 00:05:49.252530,1.241666437993332,0.36306170054201575,,logreg,6,0.5272654858643806,0,"{'model_type': 'logreg', 'pos_weight': 0.5272654858643806, 'C': 1.241666437993332, 'min_recall': None, 'feature_select_C': 0.36306170054201575, 'phenotype_clusters': 6, 'stack_readmission': 0, 'roc_auc': 0.6147928239238348, 'pr_auc': 0.06220126846707813, 'f1': 0.11684782608695653, 'precision': 0.08775510204081632, 'recall': 0.17479674796747968, 'brier': 0.04108238949811418, 'ece': 0.004502977996173967, 'threshold': 0.06905264810102173, 'run_dir': 'project/tuning/logistic_joint\\trial_12\\logreg_pw0.5272654858643806_C1.241666437993332_fs0.36306170054201575_ph6'}",COMPLETE
13,0.6114857354299365,2025-09-12 18:05:39.900603,2025-09-12 18:09:30.691177,0 days 00:03:50.790574,1.4021064758909958,0.14790202674521358,,logreg,6,1.9459643651904617,0,"{'model_type': 'logreg', 'pos_weight': 1.9459643651904617, 'C': 1.4021064758909958, 'min_recall': None, 'feature_select_C': 0.14790202674521358, 'phenotype_clusters': 6, 'stack_readmission': 0, 'roc_auc': 0.6114857354299365, 'pr_auc': 0.05967167001930358, 'f1': 0.11478477854023705, 'precision': 0.06779661016949153, 'recall': 0.37398373983739835, 'brier': 0.04112573487228243, 'ece': 0.005499964321413871, 'threshold': 0.056273093736570634, 'run_dir': 'project/tuning/logistic_joint\\trial_13\\logreg_pw1.9459643651904617_C1.4021064758909958_fs0.14790202674521358_ph6'}",COMPLETE
14,0.6104834630654987,2025-09-12 18:09:30.692758,2025-09-12 18:16:15.200086,0 days 00:06:44.507328,1.0231609326500124,0.485236275805212,,logreg,6,3.8131085392892405,0,"{'model_type': 'logreg', 'pos_weight': 3.8131085392892405, 'C': 1.0231609326500124, 'min_recall': None, 'feature_select_C': 0.485236275805212, 'phenotype_clusters': 6, 'stack_readmission': 0, 'roc_auc': 0.6104834630654987, 'pr_auc': 0.062391309106733676, 'f1': 0.11742424242424243, 'precision': 0.07654320987654321, 'recall': 0.25203252032520324, 'brier': 0.04109287771013948, 'ece': 0.006045022186742518, 'threshold': 0.05988611505259149, 'run_dir': 'project/tuning/logistic_joint\\trial_14\\logreg_pw3.8131085392892405_C1.0231609326500124_fs0.485236275805212_ph6'}",COMPLETE
15,0.6078951608932496,2025-09-12 18:16:15.201826,2025-09-12 18:20:02.731136,0 days 00:03:47.529310,0.0501211385870541,0.19412038190610342,,logreg,6,0.5384421018178966,0,"{'model_type': 'logreg', 'pos_weight': 0.5384421018178966, 'C': 0.0501211385870541, 'min_recall': None, 'feature_select_C': 0.19412038190610342, 'phenotype_clusters': 6, 'stack_readmission': 0, 'roc_auc': 0.6078951608932496, 'pr_auc': 0.06033149594276951, 'f1': 0.11623246492985972, 'precision': 0.06954436450839328, 'recall': 0.35365853658536583, 'brier': 0.041157188079768814, 'ece': 0.00399406905292689, 'threshold': 0.05875200780297257, 'run_dir': 'project/tuning/logistic_joint\\trial_15\\logreg_pw0.5384421018178966_C0.0501211385870541_fs0.19412038190610342_ph6'}",COMPLETE
16,0.6049051291577332,2025-09-12 18:20:02.733111,2025-09-12 18:27:26.432426,0 days 00:07:23.699315,2.3418385215066766,0.42470944314875286,,logreg,0,2.0649104898083595,0,"{'model_type': 'logreg', 'pos_weight': 2.0649104898083595, 'C': 2.3418385215066766, 'min_recall': None, 'feature_select_C': 0.42470944314875286, 'phenotype_clusters': 0, 'stack_readmission': 0, 'roc_auc': 0.6049051291577332, 'pr_auc': 0.06048459467860869, 'f1': 0.1168032786885246, 'precision': 0.07808219178082192, 'recall': 0.23170731707317074, 'brier': 0.04111862512973436, 'ece': 0.005904705344596776, 'threshold': 0.06220155693245728, 'run_dir': 'project/tuning/logistic_joint\\trial_16\\logreg_pw2.0649104898083595_C2.3418385215066766_fs0.42470944314875286_ph0'}",COMPLETE
17,0.6137633219789713,2025-09-12 18:27:26.435182,2025-09-12 18:31:04.881316,0 days 00:03:38.446134,0.20042505079639342,0.177046967210607,,logreg,6,0.9773558337498105,0,"{'model_type': 'logreg', 'pos_weight': 0.9773558337498105, 'C': 0.20042505079639342, 'min_recall': None, 'feature_select_C': 0.177046967210607, 'phenotype_clusters': 6, 'stack_readmission': 0, 'roc_auc': 0.6137633219789713, 'pr_auc': 0.0614575667089271, 'f1': 0.11773049645390071, 'precision': 0.07130584192439862, 'recall': 0.33739837398373984, 'brier': 0.04111840699613231, 'ece': 0.003248394714930938, 'threshold': 0.06039806972019054, 'run_dir': 'project/tuning/logistic_joint\\trial_17\\logreg_pw0.9773558337498105_C0.20042505079639342_fs0.177046967210607_ph6'}",COMPLETE
18,0.602853585427027,2025-09-12 18:31:04.882996,2025-09-12 18:34:34.029814,0 days 00:03:29.146818,0.987018688032931,0.11871720720810036,,logreg,6,3.3988657261679736,0,"{'model_type': 'logreg', 'pos_weight': 3.3988657261679736, 'C': 0.987018688032931, 'min_recall': None, 'feature_select_C': 0.11871720720810036, 'phenotype_clusters': 6, 'stack_readmission': 0, 'roc_auc': 0.602853585427027, 'pr_auc': 0.05753555982548537, 'f1': 0.11283185840707964, 'precision': 0.06530089628681178, 'recall': 0.4146341463414634, 'brier': 0.041154195187725263, 'ece': 0.004400350706342631, 'threshold': 0.05346235978160809, 'run_dir': 'project/tuning/logistic_joint\\trial_18\\logreg_pw3.3988657261679736_C0.987018688032931_fs0.11871720720810036_ph6'}",COMPLETE
19,0.6071860727783274,2025-09-12 18:34:34.031309,2025-09-12 18:41:20.312745,0 days 00:06:46.281436,2.3659437277193374,0.4461458286858656,,logreg,0,1.6881573420733798,0,"{'model_type': 'logreg', 'pos_weight': 1.6881573420733798, 'C': 2.3659437277193374, 'min_recall': None, 'feature_select_C': 0.4461458286858656, 'phenotype_clusters': 0, 'stack_readmission': 0, 'roc_auc': 0.6071860727783274, 'pr_auc': 0.060992152278023314, 'f1': 0.11663479923518165, 'precision': 0.07625, 'recall': 0.24796747967479674, 'brier': 0.04109908182926021, 'ece': 0.005155389134275046, 'threshold': 0.06086133419960362, 'run_dir': 'project/tuning/logistic_joint\\trial_19\\logreg_pw1.6881573420733798_C2.3659437277193374_fs0.4461458286858656_ph0'}",COMPLETE
20,0.6122600999362903,2025-09-12 18:41:20.314318,2025-09-12 18:50:32.443516,0 days 00:09:12.129198,0.2734528341899584,0.7237373398453734,,logreg,6,0.8753750375964409,0,"{'model_type': 'logreg', 'pos_weight': 0.8753750375964409, 'C': 0.2734528341899584, 'min_recall': None, 'feature_select_C': 0.7237373398453734, 'phenotype_clusters': 6, 'stack_readmission': 0, 'roc_auc': 0.6122600999362903, 'pr_auc': 0.06173778672364774, 'f1': 0.12014652014652015, 'precision': 0.07327971403038427, 'recall': 0.3333333333333333, 'brier': 0.04109611717823794, 'ece': 0.006410008192926353, 'threshold': 0.05901679421712447, 'run_dir': 'project/tuning/logistic_joint\\trial_20\\logreg_pw0.8753750375964409_C0.2734528341899584_fs0.7237373398453734_ph6'}",COMPLETE
21,0.6119840740525225,2025-09-12 18:50:32.445054,2025-09-12 18:54:38.423828,0 days 00:04:05.978774,0.20369843234763368,0.21342904374253321,,logreg,6,1.0851881578959917,0,"{'model_type': 'logreg', 'pos_weight': 1.0851881578959917, 'C': 0.20369843234763368, 'min_recall': None, 'feature_select_C': 0.21342904374253321, 'phenotype_clusters': 6, 'stack_readmission': 0, 'roc_auc': 0.6119840740525225, 'pr_auc': 0.06153254215074548, 'f1': 0.12168141592920353, 'precision': 0.08358662613981763, 'recall': 0.22357723577235772, 'brier': 0.04116177447235003, 'ece': 0.005800713902342774, 'threshold': 0.0667051348966425, 'run_dir': 'project/tuning/logistic_joint\\trial_21\\logreg_pw1.0851881578959917_C0.20369843234763368_fs0.21342904374253321_ph6'}",COMPLETE
22,0.6072371748676195,2025-09-12 18:54:38.425739,2025-09-12 18:57:52.384235,0 days 00:03:13.958496,0.7176280287544906,0.11457978905095334,,logreg,6,0.8642929824065526,0,"{'model_type': 'logreg', 'pos_weight': 0.8642929824065526, 'C': 0.7176280287544906, 'min_recall': None, 'feature_select_C': 0.11457978905095334, 'phenotype_clusters': 6, 'stack_readmission': 0, 'roc_auc': 0.6072371748676195, 'pr_auc': 0.05823235965323002, 'f1': 0.1111111111111111, 'precision': 0.06171171171171171, 'recall': 0.556910569105691, 'brier': 0.041135931403878355, 'ece': 0.00688789422839703, 'threshold': 0.048553163697439505, 'run_dir': 'project/tuning/logistic_joint\\trial_22\\logreg_pw0.8642929824065526_C0.7176280287544906_fs0.11457978905095334_ph6'}",COMPLETE
23,0.6134932642224202,2025-09-12 18:57:52.385836,2025-09-12 19:03:06.428427,0 days 00:05:14.042591,0.06912410629288784,0.3373212946439773,,logreg,6,1.466137238356462,0,"{'model_type': 'logreg', 'pos_weight': 1.466137238356462, 'C': 0.06912410629288784, 'min_recall': None, 'feature_select_C': 0.3373212946439773, 'phenotype_clusters': 6, 'stack_readmission': 0, 'roc_auc': 0.6134932642224202, 'pr_auc': 0.062461380784740055, 'f1': 0.11667648791985857, 'precision': 0.06822880771881461, 'recall': 0.4024390243902439, 'brier': 0.041113126257135875, 'ece': 0.0050246694605515264, 'threshold': 0.056020318223649, 'run_dir': 'project/tuning/logistic_joint\\trial_23\\logreg_pw1.466137238356462_C0.06912410629288784_fs0.3373212946439773_ph6'}",COMPLETE
24,0.6110209675229438,2025-09-12 19:03:06.429869,2025-09-12 19:07:17.843785,0 days 00:04:11.413916,0.2389366243609616,0.22163102543030447,,logreg,6,0.8377533162590133,0,"{'model_type': 'logreg', 'pos_weight': 0.8377533162590133, 'C': 0.2389366243609616, 'min_recall': None, 'feature_select_C': 0.22163102543030447, 'phenotype_clusters': 6, 'stack_readmission': 0, 'roc_auc': 0.6110209675229438, 'pr_auc': 0.061402136772996725, 'f1': 0.1216374269005848, 'precision': 0.08538587848932677, 'recall': 0.21138211382113822, 'brier': 0.041143573284438906, 'ece': 0.00722155114444481, 'threshold': 0.06832980790212652, 'run_dir': 'project/tuning/logistic_joint\\trial_24\\logreg_pw0.8377533162590133_C0.2389366243609616_fs0.22163102543030447_ph6'}",COMPLETE
25,0.6153098129439727,2025-09-12 19:07:17.845753,2025-09-12 19:14:31.339864,0 days 00:07:13.494111,0.730303662660039,0.559518302379571,,logreg,6,1.1218787214915733,0,"{'model_type': 'logreg', 'pos_weight': 1.1218787214915733, 'C': 0.730303662660039, 'min_recall': None, 'feature_select_C': 0.559518302379571, 'phenotype_clusters': 6, 'stack_readmission': 0, 'roc_auc': 0.6153098129439727, 'pr_auc': 0.06290069235467297, 'f1': 0.12010443864229765, 'precision': 0.08846153846153847, 'recall': 0.18699186991869918, 'brier': 0.04109198374354768, 'ece': 0.005691066309355925, 'threshold': 0.06568812598695223, 'run_dir': 'project/tuning/logistic_joint\\trial_25\\logreg_pw1.1218787214915733_C0.730303662660039_fs0.559518302379571_ph6'}",COMPLETE
26,0.616287839791593,2025-09-12 19:14:31.341472,2025-09-12 19:21:38.894501,0 days 00:07:07.553029,0.7592564833005366,0.5499417309140759,,logreg,6,0.5092977039143396,0,"{'model_type': 'logreg', 'pos_weight': 0.5092977039143396, 'C': 0.7592564833005366, 'min_recall': None, 'feature_select_C': 0.5499417309140759, 'phenotype_clusters': 6, 'stack_readmission': 0, 'roc_auc': 0.616287839791593, 'pr_auc': 0.06304910723773098, 'f1': 0.12812812812812813, 'precision': 0.0849933598937583, 'recall': 0.2601626016260163, 'brier': 0.04108411672761499, 'ece': 0.006291174830920386, 'threshold': 0.06376825521369477, 'run_dir': 'project/tuning/logistic_joint\\trial_26\\logreg_pw0.5092977039143396_C0.7592564833005366_fs0.5499417309140759_ph6'}",COMPLETE
27,0.6179812958893032,2025-09-12 19:21:38.896166,2025-09-12 19:28:51.188038,0 days 00:07:12.291872,0.6935849695403066,0.5921655352871544,,logreg,6,1.629596817499232,0,"{'model_type': 'logreg', 'pos_weight': 1.629596817499232, 'C': 0.6935849695403066, 'min_recall': None, 'feature_select_C': 0.5921655352871544, 'phenotype_clusters': 6, 'stack_readmission': 0, 'roc_auc': 0.6179812958893032, 'pr_auc': 0.06394606535316694, 'f1': 0.12783505154639174, 'precision': 0.0856353591160221, 'recall': 0.25203252032520324, 'brier': 0.04106460820673443, 'ece': 0.005902503495112763, 'threshold': 0.06269158157286722, 'run_dir': 'project/tuning/logistic_joint\\trial_27\\logreg_pw1.629596817499232_C0.6935849695403066_fs0.5921655352871544_ph6'}",COMPLETE
28,0.6108859386446681,2025-09-12 19:28:51.189961,2025-09-12 19:42:46.512427,0 days 00:13:55.322466,0.6828506616406809,0.9663829614131585,,logreg,0,1.7154204229652388,0,"{'model_type': 'logreg', 'pos_weight': 1.7154204229652388, 'C': 0.6828506616406809, 'min_recall': None, 'feature_select_C': 0.9663829614131585, 'phenotype_clusters': 0, 'stack_readmission': 0, 'roc_auc': 0.6108859386446681, 'pr_auc': 0.06192337204124896, 'f1': 0.11685695097380792, 'precision': 0.06999195494770716, 'recall': 0.35365853658536583, 'brier': 0.04108133765278202, 'ece': 0.006907618390032481, 'threshold': 0.05721874500808592, 'run_dir': 'project/tuning/logistic_joint\\trial_28\\logreg_pw1.7154204229652388_C0.6828506616406809_fs0.9663829614131585_ph0'}",COMPLETE
29,0.6086408037873736,2025-09-12 19:42:46.514254,2025-09-12 19:57:14.291022,0 days 00:14:27.776768,1.8365934364192176,0.9039975630864294,,logreg,4,1.3546209868975523,0,"{'model_type': 'logreg', 'pos_weight': 1.3546209868975523, 'C': 1.8365934364192176, 'min_recall': None, 'feature_select_C': 0.9039975630864294, 'phenotype_clusters': 4, 'stack_readmission': 0, 'roc_auc': 0.6086408037873736, 'pr_auc': 0.061182636769388773, 'f1': 0.11597258829731154, 'precision': 0.06662628709872805, 'recall': 0.44715447154471544, 'brier': 0.041098549276508085, 'ece': 0.00813094920799833, 'threshold': 0.0535301654012167, 'run_dir': 'project/tuning/logistic_joint\\trial_29\\logreg_pw1.3546209868975523_C1.8365934364192176_fs0.9039975630864294_ph4'}",COMPLETE
30,0.6140158483618237,2025-09-12 19:57:14.292905,2025-09-12 20:04:28.874086,0 days 00:07:14.581181,0.3513948059741508,0.6218695884361098,,logreg,6,2.34090387618211,0,"{'model_type': 'logreg', 'pos_weight': 2.34090387618211, 'C': 0.3513948059741508, 'min_recall': None, 'feature_select_C': 0.6218695884361098, 'phenotype_clusters': 6, 'stack_readmission': 0, 'roc_auc': 0.6140158483618237, 'pr_auc': 0.06337304545955545, 'f1': 0.12472647702407003, 'precision': 0.08532934131736528, 'recall': 0.23170731707317074, 'brier': 0.04107927853702511, 'ece': 0.00627201541082016, 'threshold': 0.06297036307196964, 'run_dir': 'project/tuning/logistic_joint\\trial_30\\logreg_pw2.34090387618211_C0.3513948059741508_fs0.6218695884361098_ph6'}",COMPLETE
31,0.6112458913174192,2025-09-12 20:04:28.876479,2025-09-12 20:11:14.853984,0 days 00:06:45.977505,0.831719125508676,0.5624536957903508,,logreg,6,1.0775890074612038,0,"{'model_type': 'logreg', 'pos_weight': 1.0775890074612038, 'C': 0.831719125508676, 'min_recall': None, 'feature_select_C': 0.5624536957903508, 'phenotype_clusters': 6, 'stack_readmission': 0, 'roc_auc': 0.6112458913174192, 'pr_auc': 0.0621004415467361, 'f1': 0.12127440904419322, 'precision': 0.0811554332874828, 'recall': 0.23983739837398374, 'brier': 0.04110084587369957, 'ece': 0.007987241272620935, 'threshold': 0.06278230558830102, 'run_dir': 'project/tuning/logistic_joint\\trial_31\\logreg_pw1.0775890074612038_C0.831719125508676_fs0.5624536957903508_ph6'}",COMPLETE
32,0.619452812256146,2025-09-12 20:11:14.856089,2025-09-12 20:17:46.230063,0 days 00:06:31.373974,0.6175181656334349,0.5281458118588257,,logreg,6,0.7908643529804745,0,"{'model_type': 'logreg', 'pos_weight': 0.7908643529804745, 'C': 0.6175181656334349, 'min_recall': None, 'feature_select_C': 0.5281458118588257, 'phenotype_clusters': 6, 'stack_readmission': 0, 'roc_auc': 0.619452812256146, 'pr_auc': 0.06382864004508762, 'f1': 0.12859097127222982, 'precision': 0.09690721649484536, 'recall': 0.1910569105691057, 'brier': 0.0410860154144574, 'ece': 0.007549593941022855, 'threshold': 0.06553343661424806, 'run_dir': 'project/tuning/logistic_joint\\trial_32\\logreg_pw0.7908643529804745_C0.6175181656334349_fs0.5281458118588257_ph6'}",COMPLETE
33,0.6117061831289996,2025-09-12 20:17:46.231539,2025-09-12 20:26:28.081553,0 days 00:08:41.850014,0.539634961841116,0.7321874446461474,,logreg,6,0.7731049202824612,0,"{'model_type': 'logreg', 'pos_weight': 0.7731049202824612, 'C': 0.539634961841116, 'min_recall': None, 'feature_select_C': 0.7321874446461474, 'phenotype_clusters': 6, 'stack_readmission': 0, 'roc_auc': 0.6117061831289996, 'pr_auc': 0.06170281104537766, 'f1': 0.12036108324974924, 'precision': 0.07989347536617843, 'recall': 0.24390243902439024, 'brier': 0.04108723441743664, 'ece': 0.005660945878743307, 'threshold': 0.06424976269384967, 'run_dir': 'project/tuning/logistic_joint\\trial_33\\logreg_pw0.7731049202824612_C0.539634961841116_fs0.7321874446461474_ph6'}",COMPLETE
34,0.6097165587181657,2025-09-12 20:26:28.083174,2025-09-12 20:44:15.209745,0 days 00:17:47.126571,0.5462478209007335,1.0937047756820477,,logreg,4,1.2584413943727064,1,"{'model_type': 'logreg', 'pos_weight': 1.2584413943727064, 'C': 0.5462478209007335, 'min_recall': None, 'feature_select_C': 1.0937047756820477, 'phenotype_clusters': 4, 'stack_readmission': 1, 'roc_auc': 0.6097165587181657, 'pr_auc': 0.06206655981328665, 'f1': 0.11854684512428298, 'precision': 0.07029478458049887, 'recall': 0.3780487804878049, 'brier': 0.0410908939389145, 'ece': 0.005249512805293455, 'threshold': 0.05611635966124882, 'run_dir': 'project/tuning/logistic_joint\\trial_34\\logreg_pw1.2584413943727064_C0.5462478209007335_fs1.0937047756820477_ph4_stack'}",COMPLETE
35,0.6126894320879345,2025-09-12 20:44:15.211432,2025-09-12 20:50:03.643956,0 days 00:05:48.432524,0.39572177742434084,0.4125288225701835,,logreg,6,1.5452070312235193,0,"{'model_type': 'logreg', 'pos_weight': 1.5452070312235193, 'C': 0.39572177742434084, 'min_recall': None, 'feature_select_C': 0.4125288225701835, 'phenotype_clusters': 6, 'stack_readmission': 0, 'roc_auc': 0.6126894320879345, 'pr_auc': 0.06251988807431158, 'f1': 0.11836115326251896, 'precision': 0.07276119402985075, 'recall': 0.3170731707317073, 'brier': 0.041095423481995776, 'ece': 0.004395750083750091, 'threshold': 0.0577708842993789, 'run_dir': 'project/tuning/logistic_joint\\trial_35\\logreg_pw1.5452070312235193_C0.39572177742434084_fs0.4125288225701835_ph6'}",COMPLETE
36,0.6106613878581437,2025-09-12 20:50:03.645636,2025-09-12 21:02:53.982833,0 days 00:12:50.337197,1.0157062287122265,0.7885775273047264,,logreg,6,1.8179833654857052,1,"{'model_type': 'logreg', 'pos_weight': 1.8179833654857052, 'C': 1.0157062287122265, 'min_recall': None, 'feature_select_C': 0.7885775273047264, 'phenotype_clusters': 6, 'stack_readmission': 1, 'roc_auc': 0.6106613878581437, 'pr_auc': 0.06130270053004116, 'f1': 0.11764705882352941, 'precision': 0.08035714285714286, 'recall': 0.21951219512195122, 'brier': 0.041093411746080215, 'ece': 0.005441839143542244, 'threshold': 0.06394499614602525, 'run_dir': 'project/tuning/logistic_joint\\trial_36\\logreg_pw1.8179833654857052_C1.0157062287122265_fs0.7885775273047264_ph6_stack'}",COMPLETE
37,0.6133780047655496,2025-09-12 21:02:53.984145,2025-09-12 21:09:36.121415,0 days 00:06:42.137270,0.3081613502526139,0.5528531526169982,,logreg,4,0.757309728590318,0,"{'model_type': 'logreg', 'pos_weight': 0.757309728590318, 'C': 0.3081613502526139, 'min_recall': None, 'feature_select_C': 0.5528531526169982, 'phenotype_clusters': 4, 'stack_readmission': 0, 'roc_auc': 0.6133780047655496, 'pr_auc': 0.061646645813807105, 'f1': 0.12322274881516587, 'precision': 0.08695652173913043, 'recall': 0.21138211382113822, 'brier': 0.041097541047768776, 'ece': 0.006821861447258818, 'threshold': 0.06709779215097653, 'run_dir': 'project/tuning/logistic_joint\\trial_37\\logreg_pw0.757309728590318_C0.3081613502526139_fs0.5528531526169982_ph4'}",COMPLETE
38,0.6118072682837307,2025-09-12 21:09:36.123363,2025-09-12 21:26:43.200796,0 days 00:17:07.077433,0.535827366182549,1.1313131360323165,,logreg,6,1.3011126556585269,1,"{'model_type': 'logreg', 'pos_weight': 1.3011126556585269, 'C': 0.535827366182549, 'min_recall': None, 'feature_select_C': 1.1313131360323165, 'phenotype_clusters': 6, 'stack_readmission': 1, 'roc_auc': 0.6118072682837307, 'pr_auc': 0.06177639689541696, 'f1': 0.11886901327178304, 'precision': 0.06926698049764626, 'recall': 0.4186991869918699, 'brier': 0.04109574665797265, 'ece': 0.007203926313820692, 'threshold': 0.05489029457953278, 'run_dir': 'project/tuning/logistic_joint\\trial_38\\logreg_pw1.3011126556585269_C0.535827366182549_fs1.1313131360323165_ph6_stack'}",COMPLETE
39,0.6163654254454087,2025-09-12 21:26:43.202606,2025-09-12 21:34:58.051910,0 days 00:08:14.849304,1.9712425663471935,0.6646273244061048,,logreg,0,0.6912732391286837,0,"{'model_type': 'logreg', 'pos_weight': 0.6912732391286837, 'C': 1.9712425663471935, 'min_recall': None, 'feature_select_C': 0.6646273244061048, 'phenotype_clusters': 0, 'stack_readmission': 0, 'roc_auc': 0.6163654254454087, 'pr_auc': 0.06380873331965142, 'f1': 0.1215323645970938, 'precision': 0.09001956947162426, 'recall': 0.18699186991869918, 'brier': 0.041051879350322194, 'ece': 0.00686287225797783, 'threshold': 0.06820259964958765, 'run_dir': 'project/tuning/logistic_joint\\trial_39\\logreg_pw0.6912732391286837_C1.9712425663471935_fs0.6646273244061048_ph0'}",COMPLETE
40,0.6120131686727034,2025-09-12 21:34:58.053534,2025-09-12 21:45:26.450891,0 days 00:10:28.397357,2.9000944202503205,0.6790496537727668,,logreg,0,1.0204554011672062,1,"{'model_type': 'logreg', 'pos_weight': 1.0204554011672062, 'C': 2.9000944202503205, 'min_recall': None, 'feature_select_C': 0.6790496537727668, 'phenotype_clusters': 0, 'stack_readmission': 1, 'roc_auc': 0.6120131686727034, 'pr_auc': 0.06285680269263999, 'f1': 0.11886304909560723, 'precision': 0.08712121212121213, 'recall': 0.18699186991869918, 'brier': 0.04107141279320063, 'ece': 0.005607765453454503, 'threshold': 0.06827900255256762, 'run_dir': 'project/tuning/logistic_joint\\trial_40\\logreg_pw1.0204554011672062_C2.9000944202503205_fs0.6790496537727668_ph0_stack'}",COMPLETE
41,0.6171547102698042,2025-09-12 21:45:26.452690,2025-09-12 21:58:56.120428,0 days 00:13:29.667738,0.849674931871876,0.8502109012368996,,logreg,0,0.5003412126084295,0,"{'model_type': 'logreg', 'pos_weight': 0.5003412126084295, 'C': 0.849674931871876, 'min_recall': None, 'feature_select_C': 0.8502109012368996, 'phenotype_clusters': 0, 'stack_readmission': 0, 'roc_auc': 0.6171547102698042, 'pr_auc': 0.0640074106991486, 'f1': 0.12430278884462151, 'precision': 0.07730426164519326, 'recall': 0.3170731707317073, 'brier': 0.041044270312302567, 'ece': 0.005346793674941941, 'threshold': 0.062240862740317246, 'run_dir': 'project/tuning/logistic_joint\\trial_41\\logreg_pw0.5003412126084295_C0.849674931871876_fs0.8502109012368996_ph0'}",COMPLETE
42,0.6134734948010152,2025-09-12 21:58:56.122228,2025-09-12 22:11:16.932561,0 days 00:12:20.810333,1.895782634504821,0.8384553067094214,,logreg,0,0.7580998799170313,0,"{'model_type': 'logreg', 'pos_weight': 0.7580998799170313, 'C': 1.895782634504821, 'min_recall': None, 'feature_select_C': 0.8384553067094214, 'phenotype_clusters': 0, 'stack_readmission': 0, 'roc_auc': 0.6134734948010152, 'pr_auc': 0.06341236102764708, 'f1': 0.12561174551386622, 'precision': 0.07857142857142857, 'recall': 0.3130081300813008, 'brier': 0.04105874983980525, 'ece': 0.004933381730172026, 'threshold': 0.062396062343733585, 'run_dir': 'project/tuning/logistic_joint\\trial_42\\logreg_pw0.7580998799170313_C1.895782634504821_fs0.8384553067094214_ph0'}",COMPLETE
43,0.6173352461181062,2025-09-12 22:11:16.934207,2025-09-12 22:26:25.599715,0 days 00:15:08.665508,0.44649958115584804,1.1796813473652075,,logreg,0,0.7210880990611921,0,"{'model_type': 'logreg', 'pos_weight': 0.7210880990611921, 'C': 0.44649958115584804, 'min_recall': None, 'feature_select_C': 1.1796813473652075, 'phenotype_clusters': 0, 'stack_readmission': 0, 'roc_auc': 0.6173352461181062, 'pr_auc': 0.06371085518545402, 'f1': 0.12349397590361445, 'precision': 0.07578558225508318, 'recall': 0.3333333333333333, 'brier': 0.04104244441794246, 'ece': 0.0071516715990881125, 'threshold': 0.060303823594994456, 'run_dir': 'project/tuning/logistic_joint\\trial_43\\logreg_pw0.7210880990611921_C0.44649958115584804_fs1.1796813473652075_ph0'}",COMPLETE
44,0.6146730883715517,2025-09-12 22:26:25.602022,2025-09-12 22:41:53.309303,0 days 00:15:27.707281,0.4470341073383064,1.2353675684345204,,logreg,0,0.9279058339124606,0,"{'model_type': 'logreg', 'pos_weight': 0.9279058339124606, 'C': 0.4470341073383064, 'min_recall': None, 'feature_select_C': 1.2353675684345204, 'phenotype_clusters': 0, 'stack_readmission': 0, 'roc_auc': 0.6146730883715517, 'pr_auc': 0.06268706696565463, 'f1': 0.12538540596094552, 'precision': 0.08390646492434663, 'recall': 0.24796747967479674, 'brier': 0.041060406830699, 'ece': 0.004297673782511202, 'threshold': 0.06625889965204493, 'run_dir': 'project/tuning/logistic_joint\\trial_44\\logreg_pw0.9279058339124606_C0.4470341073383064_fs1.2353675684345204_ph0'}",COMPLETE
45,0.6089239168222109,2025-09-12 22:41:53.311385,2025-09-12 22:59:16.414578,0 days 00:17:23.103193,0.9092313179973918,1.4586163818366578,,logreg,0,2.1408401391301517,0,"{'model_type': 'logreg', 'pos_weight': 2.1408401391301517, 'C': 0.9092313179973918, 'min_recall': None, 'feature_select_C': 1.4586163818366578, 'phenotype_clusters': 0, 'stack_readmission': 0, 'roc_auc': 0.6089239168222109, 'pr_auc': 0.062094670320824524, 'f1': 0.1232876712328767, 'precision': 0.08118556701030928, 'recall': 0.25609756097560976, 'brier': 0.041099498820494275, 'ece': 0.005585675675353142, 'threshold': 0.06351613698892884, 'run_dir': 'project/tuning/logistic_joint\\trial_45\\logreg_pw2.1408401391301517_C0.9092313179973918_fs1.4586163818366578_ph0'}",COMPLETE
46,0.6142411451642503,2025-09-12 22:59:16.416633,2025-09-12 23:16:59.336002,0 days 00:17:42.919369,4.87294268102263,1.0452710107238445,,logreg,0,1.2062456798425254,0,"{'model_type': 'logreg', 'pos_weight': 1.2062456798425254, 'C': 4.87294268102263, 'min_recall': None, 'feature_select_C': 1.0452710107238445, 'phenotype_clusters': 0, 'stack_readmission': 0, 'roc_auc': 0.6142411451642503, 'pr_auc': 0.06293458518651421, 'f1': 0.11840411840411841, 'precision': 0.08662900188323917, 'recall': 0.18699186991869918, 'brier': 0.04106458789903011, 'ece': 0.005562204874313308, 'threshold': 0.06640162600460213, 'run_dir': 'project/tuning/logistic_joint\\trial_46\\logreg_pw1.2062456798425254_C4.87294268102263_fs1.0452710107238445_ph0'}",COMPLETE
47,0.6139132711752884,2025-09-12 23:16:59.337922,2025-09-12 23:30:29.260199,0 days 00:13:29.922277,1.2218124363732543,0.9220910063405567,,logreg,0,0.6360059883894198,0,"{'model_type': 'logreg', 'pos_weight': 0.6360059883894198, 'C': 1.2218124363732543, 'min_recall': None, 'feature_select_C': 0.9220910063405567, 'phenotype_clusters': 0, 'stack_readmission': 0, 'roc_auc': 0.6139132711752884, 'pr_auc': 0.06239004219779563, 'f1': 0.11942675159235669, 'precision': 0.07425742574257425, 'recall': 0.3048780487804878, 'brier': 0.04106578941233864, 'ece': 0.003989576576944782, 'threshold': 0.06225459261287549, 'run_dir': 'project/tuning/logistic_joint\\trial_47\\logreg_pw0.6360059883894198_C1.2218124363732543_fs0.9220910063405567_ph0'}",COMPLETE
48,0.6151718000020888,2025-09-12 23:30:29.261819,2025-09-12 23:35:37.587648,0 days 00:05:08.325829,0.6010636629980917,0.26019195029360126,,logreg,0,2.6161691149323754,0,"{'model_type': 'logreg', 'pos_weight': 2.6161691149323754, 'C': 0.6010636629980917, 'min_recall': None, 'feature_select_C': 0.26019195029360126, 'phenotype_clusters': 0, 'stack_readmission': 0, 'roc_auc': 0.6151718000020888, 'pr_auc': 0.0629025799022441, 'f1': 0.12209802235597593, 'precision': 0.07742639040348964, 'recall': 0.2886178861788618, 'brier': 0.041114484081865764, 'ece': 0.005405242034063446, 'threshold': 0.061007595049619244, 'run_dir': 'project/tuning/logistic_joint\\trial_48\\logreg_pw2.6161691149323754_C0.6010636629980917_fs0.26019195029360126_ph0'}",COMPLETE
49,0.6107087598679253,2025-09-12 23:35:37.589580,2025-09-12 23:43:44.941110,0 days 00:08:07.351530,0.454271290556346,0.4910430100199231,,logreg,4,1.5355759990592823,1,"{'model_type': 'logreg', 'pos_weight': 1.5355759990592823, 'C': 0.454271290556346, 'min_recall': None, 'feature_select_C': 0.4910430100199231, 'phenotype_clusters': 4, 'stack_readmission': 1, 'roc_auc': 0.6107087598679253, 'pr_auc': 0.061977685269707344, 'f1': 0.11933701657458563, 'precision': 0.0819423368740516, 'recall': 0.21951219512195122, 'brier': 0.041099881525928174, 'ece': 0.008141410264096455, 'threshold': 0.06413485758927202, 'run_dir': 'project/tuning/logistic_joint\\trial_49\\logreg_pw1.5355759990592823_C0.454271290556346_fs0.4910430100199231_ph4_stack'}",COMPLETE
