{
  "readmission": {
    "final_model": "C:\\Users\\Almog Luz\\Documents\\GitHub\\mlhc-final-project\\project\\artifacts\\model_full_readmission.joblib",
    "base_model": "C:\\Users\\Almog Luz\\Documents\\GitHub\\mlhc-final-project\\project\\artifacts\\model_readmission.joblib",
    "isotonic": "C:\\Users\\Almog Luz\\Documents\\GitHub\\mlhc-final-project\\project\\artifacts\\isotonic_readmission.joblib",
    "metrics": "C:\\Users\\Almog Luz\\Documents\\GitHub\\mlhc-final-project\\project\\artifacts\\metrics_readmission.json",
    "threshold": "C:\\Users\\Almog Luz\\Documents\\GitHub\\mlhc-final-project\\project\\artifacts\\threshold_readmission.txt",
    "best_params": "C:\\Users\\Almog Luz\\Documents\\GitHub\\mlhc-final-project\\project\\artifacts\\best_params_readmission.json"
  },
  "mortality": {
    "final_model": "C:\\Users\\Almog Luz\\Documents\\GitHub\\mlhc-final-project\\project\\artifacts\\model_full_mortality.joblib",
    "base_model": "C:\\Users\\Almog Luz\\Documents\\GitHub\\mlhc-final-project\\project\\artifacts\\model_mortality.joblib",
    "isotonic": "C:\\Users\\Almog Luz\\Documents\\GitHub\\mlhc-final-project\\project\\artifacts\\isotonic_mortality.joblib",
    "metrics": "C:\\Users\\Almog Luz\\Documents\\GitHub\\mlhc-final-project\\project\\artifacts\\metrics_mortality.json",
    "threshold": "C:\\Users\\Almog Luz\\Documents\\GitHub\\mlhc-final-project\\project\\artifacts\\threshold_mortality.txt",
    "best_params": "C:\\Users\\Almog Luz\\Documents\\GitHub\\mlhc-final-project\\project\\artifacts\\best_params_mortality.json"
  },
  "prolonged_los": {
    "final_model": "C:\\Users\\Almog Luz\\Documents\\GitHub\\mlhc-final-project\\project\\artifacts\\model_full_prolonged_los.joblib",
    "base_model": "C:\\Users\\Almog Luz\\Documents\\GitHub\\mlhc-final-project\\project\\artifacts\\model_prolonged_los.joblib",
    "isotonic": "C:\\Users\\Almog Luz\\Documents\\GitHub\\mlhc-final-project\\project\\artifacts\\isotonic_prolonged_los.joblib",
    "metrics": "C:\\Users\\Almog Luz\\Documents\\GitHub\\mlhc-final-project\\project\\artifacts\\metrics_prolonged_los.json",
    "threshold": "C:\\Users\\Almog Luz\\Documents\\GitHub\\mlhc-final-project\\project\\artifacts\\threshold_prolonged_los.txt",
    "best_params": "C:\\Users\\Almog Luz\\Documents\\GitHub\\mlhc-final-project\\project\\artifacts\\best_params_prolonged_los.json"
  }
}