{
  "age": {
    "group": "baseline"
  },
  "gender_M": {
    "group": "baseline"
  },
  "gender_F": {
    "group": "baseline"
  },
  "eth_ASIAN": {
    "group": "baseline"
  },
  "eth_BLACK": {
    "group": "baseline"
  },
  "eth_HISPANIC": {
    "group": "baseline"
  },
  "eth_OTHER": {
    "group": "baseline"
  },
  "eth_WHITE": {
    "group": "baseline"
  },
  "aprotinin cc/hr__mean": {
    "group": "baseline"
  },
  "aprotinin ml/hr__mean": {
    "group": "baseline"
  },
  "art bp diastolic__mean": {
    "group": "baseline"
  },
  "art bp systolic__mean": {
    "group": "baseline"
  },
  "arterial blood pressure diastolic__mean": {
    "group": "baseline"
  },
  "arterial blood pressure systolic__mean": {
    "group": "baseline"
  },
  "arterial bp #2 [diastolic]__mean": {
    "group": "baseline"
  },
  "arterial bp #2 [systolic]__mean": {
    "group": "baseline"
  },
  "arterial bp [diastolic]__mean": {
    "group": "baseline"
  },
  "arterial bp [systolic]__mean": {
    "group": "baseline"
  },
  "arterial o2 saturation__mean": {
    "group": "baseline"
  },
  "atr sens thresh mv__mean": {
    "group": "baseline"
  },
  "atr stim thresh ma__mean": {
    "group": "baseline"
  },
  "atrial pacemaker threshold [value]__mean": {
    "group": "baseline"
  },
  "baseline current/ma__mean": {
    "group": "baseline"
  },
  "blood temperature cco (c)__mean": {
    "group": "baseline"
  },
  "bp cuff [diastolic]__mean": {
    "group": "baseline"
  },
  "bp cuff [systolic]__mean": {
    "group": "baseline"
  },
  "bp left arm [diastolic]__mean": {
    "group": "baseline"
  },
  "bp left arm [systolic]__mean": {
    "group": "baseline"
  },
  "bp left leg [diastolic]__mean": {
    "group": "baseline"
  },
  "bp left leg [systolic]__mean": {
    "group": "baseline"
  },
  "bp pal [diastolic]__mean": {
    "group": "baseline"
  },
  "bp pal [systolic]__mean": {
    "group": "baseline"
  },
  "bp right arm [diastolic]__mean": {
    "group": "baseline"
  },
  "bp right arm [systolic]__mean": {
    "group": "baseline"
  },
  "bp right leg [diastolic]__mean": {
    "group": "baseline"
  },
  "bp right leg [systolic]__mean": {
    "group": "baseline"
  },
  "bp uac [diastolic]__mean": {
    "group": "baseline"
  },
  "bp uac [systolic]__mean": {
    "group": "baseline"
  },
  "ca gluc gm/hr__mean": {
    "group": "baseline"
  },
  "cariporide cc/hr__mean": {
    "group": "baseline"
  },
  "cariporide ml/hr__mean": {
    "group": "baseline"
  },
  "changes in temperature__mean": {
    "group": "baseline"
  },
  "cisatracu mg/kg/hr__mean": {
    "group": "baseline"
  },
  "current goal__mean": {
    "group": "baseline"
  },
  "current used/ma__mean": {
    "group": "baseline"
  },
  "currently experiencing pain__mean": {
    "group": "baseline"
  },
  "dialysate flow ml/hr__mean": {
    "group": "baseline"
  },
  "diastolic unloading__mean": {
    "group": "baseline"
  },
  "epidural infusion rate (ml/hr)__mean": {
    "group": "baseline"
  },
  "gait/transferring__mean": {
    "group": "baseline"
  },
  "heart rate__mean": {
    "group": "baseline"
  },
  "heart rate alarm - high__mean": {
    "group": "baseline"
  },
  "heart rate alarm - low__mean": {
    "group": "baseline"
  },
  "hr alarm [high]__mean": {
    "group": "baseline"
  },
  "hr alarm [low]__mean": {
    "group": "baseline"
  },
  "lowest heart rate__mean": {
    "group": "baseline"
  },
  "manual blood pressure diastolic left__mean": {
    "group": "baseline"
  },
  "manual blood pressure diastolic right__mean": {
    "group": "baseline"
  },
  "manual blood pressure systolic left__mean": {
    "group": "baseline"
  },
  "manual blood pressure systolic right__mean": {
    "group": "baseline"
  },
  "manual bp [diastolic]__mean": {
    "group": "baseline"
  },
  "manual bp [systolic]__mean": {
    "group": "baseline"
  },
  "mucomyst       mg/hr__mean": {
    "group": "baseline"
  },
  "mucomyst mg/hr__mean": {
    "group": "baseline"
  },
  "nbp [diastolic]__mean": {
    "group": "baseline"
  },
  "nbp [systolic]__mean": {
    "group": "baseline"
  },
  "nicardipine mg/hr__mean": {
    "group": "baseline"
  },
  "nicardipine--mg/hr__mean": {
    "group": "baseline"
  },
  "non invasive blood pressure diastolic__mean": {
    "group": "baseline"
  },
  "non invasive blood pressure systolic__mean": {
    "group": "baseline"
  },
  "o2 saturation pulseoxymetry__mean": {
    "group": "baseline"
  },
  "o2 saturation pulseoxymetry alarm - high__mean": {
    "group": "baseline"
  },
  "o2 saturation pulseoxymetry alarm - low__mean": {
    "group": "baseline"
  },
  "orthostat bp sitting [diastolic]__mean": {
    "group": "baseline"
  },
  "orthostat bp sitting [systolic]__mean": {
    "group": "baseline"
  },
  "orthostat hr sitting__mean": {
    "group": "baseline"
  },
  "orthostatbp standing [diastolic]__mean": {
    "group": "baseline"
  },
  "orthostatbp standing [systolic]__mean": {
    "group": "baseline"
  },
  "orthostathr standing__mean": {
    "group": "baseline"
  },
  "orthostatic bp lying [diastolic]__mean": {
    "group": "baseline"
  },
  "orthostatic bp lying [systolic]__mean": {
    "group": "baseline"
  },
  "orthostatic hr lying__mean": {
    "group": "baseline"
  },
  "orthostatic hr sitting__mean": {
    "group": "baseline"
  },
  "orthostatic hr standing__mean": {
    "group": "baseline"
  },
  "pantoprazole   mg/hr__mean": {
    "group": "baseline"
  },
  "pantoprazole  mg/hr__mean": {
    "group": "baseline"
  },
  "pap [diastolic]__mean": {
    "group": "baseline"
  },
  "pap [systolic]__mean": {
    "group": "baseline"
  },
  "par-oxygen saturation__mean": {
    "group": "baseline"
  },
  "pca 1 hr limit (mg)__mean": {
    "group": "baseline"
  },
  "prothrombin time__mean": {
    "group": "baseline"
  },
  "protonix mg/hr__mean": {
    "group": "baseline"
  },
  "pulmonary artery pressure diastolic__mean": {
    "group": "baseline"
  },
  "pulmonary artery pressure systolic__mean": {
    "group": "baseline"
  },
  "replace rate ml/hr__mean": {
    "group": "baseline"
  },
  "respiratory rate__mean": {
    "group": "baseline"
  },
  "respiratory rate (set)__mean": {
    "group": "baseline"
  },
  "respiratory rate (spontaneous)__mean": {
    "group": "baseline"
  },
  "respiratory rate (total)__mean": {
    "group": "baseline"
  },
  "respiratory rate set__mean": {
    "group": "baseline"
  },
  "smoking cessation info offered through bidmc inpatient guide__mean": {
    "group": "baseline"
  },
  "solumedrol mg/hr__mean": {
    "group": "baseline"
  },
  "solumedrol mg/kg/hr__mean": {
    "group": "baseline"
  },
  "spo2__mean": {
    "group": "baseline"
  },
  "spo2 alarm [high]__mean": {
    "group": "baseline"
  },
  "spo2 alarm [low]__mean": {
    "group": "baseline"
  },
  "spo2 desat limit__mean": {
    "group": "baseline"
  },
  "spon rr (mech.)__mean": {
    "group": "baseline"
  },
  "spont rr__mean": {
    "group": "baseline"
  },
  "systolic unloading__mean": {
    "group": "baseline"
  },
  "tcpcv-map__mean": {
    "group": "baseline"
  },
  "temp/iso/warmer [temperature, degrees c]__mean": {
    "group": "baseline"
  },
  "temperature c__mean": {
    "group": "baseline"
  },
  "temperature c (calc)__mean": {
    "group": "baseline"
  },
  "temperature celsius__mean": {
    "group": "baseline"
  },
  "temperature f__mean": {
    "group": "baseline"
  },
  "temperature f (calc)__mean": {
    "group": "baseline"
  },
  "temperature fahrenheit__mean": {
    "group": "baseline"
  },
  "temporary atrial sens threshold mv__mean": {
    "group": "baseline"
  },
  "temporary atrial stim threshold ma__mean": {
    "group": "baseline"
  },
  "temporary venticular sens threshold mv__mean": {
    "group": "baseline"
  },
  "temporary venticular stim threshold ma__mean": {
    "group": "baseline"
  },
  "thrombin__mean": {
    "group": "baseline"
  },
  "tpa mg/hr__mean": {
    "group": "baseline"
  },
  "vent sens thresh mv__mean": {
    "group": "baseline"
  },
  "vent stim thresh ma__mean": {
    "group": "baseline"
  },
  "ventricular pacemaker threshold [value]__mean": {
    "group": "baseline"
  },
  "xigris mcg/kg/hr__mean": {
    "group": "baseline"
  },
  "aprotinin cc/hr__std": {
    "group": "baseline"
  },
  "aprotinin ml/hr__std": {
    "group": "baseline"
  },
  "art bp diastolic__std": {
    "group": "baseline"
  },
  "art bp systolic__std": {
    "group": "baseline"
  },
  "arterial blood pressure diastolic__std": {
    "group": "baseline"
  },
  "arterial blood pressure systolic__std": {
    "group": "baseline"
  },
  "arterial bp #2 [diastolic]__std": {
    "group": "baseline"
  },
  "arterial bp #2 [systolic]__std": {
    "group": "baseline"
  },
  "arterial bp [diastolic]__std": {
    "group": "baseline"
  },
  "arterial bp [systolic]__std": {
    "group": "baseline"
  },
  "arterial o2 saturation__std": {
    "group": "baseline"
  },
  "atr sens thresh mv__std": {
    "group": "baseline"
  },
  "atr stim thresh ma__std": {
    "group": "baseline"
  },
  "atrial pacemaker threshold [value]__std": {
    "group": "baseline"
  },
  "baseline current/ma__std": {
    "group": "baseline"
  },
  "blood temperature cco (c)__std": {
    "group": "baseline"
  },
  "bp cuff [diastolic]__std": {
    "group": "baseline"
  },
  "bp cuff [systolic]__std": {
    "group": "baseline"
  },
  "bp left arm [diastolic]__std": {
    "group": "baseline"
  },
  "bp left arm [systolic]__std": {
    "group": "baseline"
  },
  "bp left leg [diastolic]__std": {
    "group": "baseline"
  },
  "bp left leg [systolic]__std": {
    "group": "baseline"
  },
  "bp pal [diastolic]__std": {
    "group": "baseline"
  },
  "bp pal [systolic]__std": {
    "group": "baseline"
  },
  "bp right arm [diastolic]__std": {
    "group": "baseline"
  },
  "bp right arm [systolic]__std": {
    "group": "baseline"
  },
  "bp right leg [diastolic]__std": {
    "group": "baseline"
  },
  "bp right leg [systolic]__std": {
    "group": "baseline"
  },
  "bp uac [diastolic]__std": {
    "group": "baseline"
  },
  "bp uac [systolic]__std": {
    "group": "baseline"
  },
  "ca gluc gm/hr__std": {
    "group": "baseline"
  },
  "cariporide cc/hr__std": {
    "group": "baseline"
  },
  "cariporide ml/hr__std": {
    "group": "baseline"
  },
  "changes in temperature__std": {
    "group": "baseline"
  },
  "cisatracu mg/kg/hr__std": {
    "group": "baseline"
  },
  "current goal__std": {
    "group": "baseline"
  },
  "current used/ma__std": {
    "group": "baseline"
  },
  "currently experiencing pain__std": {
    "group": "baseline"
  },
  "dialysate flow ml/hr__std": {
    "group": "baseline"
  },
  "diastolic unloading__std": {
    "group": "baseline"
  },
  "epidural infusion rate (ml/hr)__std": {
    "group": "baseline"
  },
  "gait/transferring__std": {
    "group": "baseline"
  },
  "heart rate__std": {
    "group": "baseline"
  },
  "heart rate alarm - high__std": {
    "group": "baseline"
  },
  "heart rate alarm - low__std": {
    "group": "baseline"
  },
  "hr alarm [high]__std": {
    "group": "baseline"
  },
  "hr alarm [low]__std": {
    "group": "baseline"
  },
  "lowest heart rate__std": {
    "group": "baseline"
  },
  "manual blood pressure diastolic left__std": {
    "group": "baseline"
  },
  "manual blood pressure diastolic right__std": {
    "group": "baseline"
  },
  "manual blood pressure systolic left__std": {
    "group": "baseline"
  },
  "manual blood pressure systolic right__std": {
    "group": "baseline"
  },
  "manual bp [diastolic]__std": {
    "group": "baseline"
  },
  "manual bp [systolic]__std": {
    "group": "baseline"
  },
  "mucomyst       mg/hr__std": {
    "group": "baseline"
  },
  "mucomyst mg/hr__std": {
    "group": "baseline"
  },
  "nbp [diastolic]__std": {
    "group": "baseline"
  },
  "nbp [systolic]__std": {
    "group": "baseline"
  },
  "nicardipine mg/hr__std": {
    "group": "baseline"
  },
  "nicardipine--mg/hr__std": {
    "group": "baseline"
  },
  "non invasive blood pressure diastolic__std": {
    "group": "baseline"
  },
  "non invasive blood pressure systolic__std": {
    "group": "baseline"
  },
  "o2 saturation pulseoxymetry__std": {
    "group": "baseline"
  },
  "o2 saturation pulseoxymetry alarm - high__std": {
    "group": "baseline"
  },
  "o2 saturation pulseoxymetry alarm - low__std": {
    "group": "baseline"
  },
  "orthostat bp sitting [diastolic]__std": {
    "group": "baseline"
  },
  "orthostat bp sitting [systolic]__std": {
    "group": "baseline"
  },
  "orthostat hr sitting__std": {
    "group": "baseline"
  },
  "orthostatbp standing [diastolic]__std": {
    "group": "baseline"
  },
  "orthostatbp standing [systolic]__std": {
    "group": "baseline"
  },
  "orthostathr standing__std": {
    "group": "baseline"
  },
  "orthostatic bp lying [diastolic]__std": {
    "group": "baseline"
  },
  "orthostatic bp lying [systolic]__std": {
    "group": "baseline"
  },
  "orthostatic hr lying__std": {
    "group": "baseline"
  },
  "orthostatic hr sitting__std": {
    "group": "baseline"
  },
  "orthostatic hr standing__std": {
    "group": "baseline"
  },
  "pantoprazole   mg/hr__std": {
    "group": "baseline"
  },
  "pantoprazole  mg/hr__std": {
    "group": "baseline"
  },
  "pap [diastolic]__std": {
    "group": "baseline"
  },
  "pap [systolic]__std": {
    "group": "baseline"
  },
  "par-oxygen saturation__std": {
    "group": "baseline"
  },
  "pca 1 hr limit (mg)__std": {
    "group": "baseline"
  },
  "prothrombin time__std": {
    "group": "baseline"
  },
  "protonix mg/hr__std": {
    "group": "baseline"
  },
  "pulmonary artery pressure diastolic__std": {
    "group": "baseline"
  },
  "pulmonary artery pressure systolic__std": {
    "group": "baseline"
  },
  "replace rate ml/hr__std": {
    "group": "baseline"
  },
  "respiratory rate__std": {
    "group": "baseline"
  },
  "respiratory rate (set)__std": {
    "group": "baseline"
  },
  "respiratory rate (spontaneous)__std": {
    "group": "baseline"
  },
  "respiratory rate (total)__std": {
    "group": "baseline"
  },
  "respiratory rate set__std": {
    "group": "baseline"
  },
  "smoking cessation info offered through bidmc inpatient guide__std": {
    "group": "baseline"
  },
  "solumedrol mg/hr__std": {
    "group": "baseline"
  },
  "solumedrol mg/kg/hr__std": {
    "group": "baseline"
  },
  "spo2__std": {
    "group": "baseline"
  },
  "spo2 alarm [high]__std": {
    "group": "baseline"
  },
  "spo2 alarm [low]__std": {
    "group": "baseline"
  },
  "spo2 desat limit__std": {
    "group": "baseline"
  },
  "spon rr (mech.)__std": {
    "group": "baseline"
  },
  "spont rr__std": {
    "group": "baseline"
  },
  "systolic unloading__std": {
    "group": "baseline"
  },
  "tcpcv-map__std": {
    "group": "baseline"
  },
  "temp/iso/warmer [temperature, degrees c]__std": {
    "group": "baseline"
  },
  "temperature c__std": {
    "group": "baseline"
  },
  "temperature c (calc)__std": {
    "group": "baseline"
  },
  "temperature celsius__std": {
    "group": "baseline"
  },
  "temperature f__std": {
    "group": "baseline"
  },
  "temperature f (calc)__std": {
    "group": "baseline"
  },
  "temperature fahrenheit__std": {
    "group": "baseline"
  },
  "temporary atrial sens threshold mv__std": {
    "group": "baseline"
  },
  "temporary atrial stim threshold ma__std": {
    "group": "baseline"
  },
  "temporary venticular sens threshold mv__std": {
    "group": "baseline"
  },
  "temporary venticular stim threshold ma__std": {
    "group": "baseline"
  },
  "thrombin__std": {
    "group": "baseline"
  },
  "tpa mg/hr__std": {
    "group": "baseline"
  },
  "vent sens thresh mv__std": {
    "group": "baseline"
  },
  "vent stim thresh ma__std": {
    "group": "baseline"
  },
  "ventricular pacemaker threshold [value]__std": {
    "group": "baseline"
  },
  "xigris mcg/kg/hr__std": {
    "group": "baseline"
  },
  "aprotinin cc/hr__min": {
    "group": "baseline"
  },
  "aprotinin ml/hr__min": {
    "group": "baseline"
  },
  "art bp diastolic__min": {
    "group": "baseline"
  },
  "art bp systolic__min": {
    "group": "baseline"
  },
  "arterial blood pressure diastolic__min": {
    "group": "baseline"
  },
  "arterial blood pressure systolic__min": {
    "group": "baseline"
  },
  "arterial bp #2 [diastolic]__min": {
    "group": "baseline"
  },
  "arterial bp #2 [systolic]__min": {
    "group": "baseline"
  },
  "arterial bp [diastolic]__min": {
    "group": "baseline"
  },
  "arterial bp [systolic]__min": {
    "group": "baseline"
  },
  "arterial o2 saturation__min": {
    "group": "baseline"
  },
  "atr sens thresh mv__min": {
    "group": "baseline"
  },
  "atr stim thresh ma__min": {
    "group": "baseline"
  },
  "atrial pacemaker threshold [value]__min": {
    "group": "baseline"
  },
  "baseline current/ma__min": {
    "group": "baseline"
  },
  "blood temperature cco (c)__min": {
    "group": "baseline"
  },
  "bp cuff [diastolic]__min": {
    "group": "baseline"
  },
  "bp cuff [systolic]__min": {
    "group": "baseline"
  },
  "bp left arm [diastolic]__min": {
    "group": "baseline"
  },
  "bp left arm [systolic]__min": {
    "group": "baseline"
  },
  "bp left leg [diastolic]__min": {
    "group": "baseline"
  },
  "bp left leg [systolic]__min": {
    "group": "baseline"
  },
  "bp pal [diastolic]__min": {
    "group": "baseline"
  },
  "bp pal [systolic]__min": {
    "group": "baseline"
  },
  "bp right arm [diastolic]__min": {
    "group": "baseline"
  },
  "bp right arm [systolic]__min": {
    "group": "baseline"
  },
  "bp right leg [diastolic]__min": {
    "group": "baseline"
  },
  "bp right leg [systolic]__min": {
    "group": "baseline"
  },
  "bp uac [diastolic]__min": {
    "group": "baseline"
  },
  "bp uac [systolic]__min": {
    "group": "baseline"
  },
  "ca gluc gm/hr__min": {
    "group": "baseline"
  },
  "cariporide cc/hr__min": {
    "group": "baseline"
  },
  "cariporide ml/hr__min": {
    "group": "baseline"
  },
  "changes in temperature__min": {
    "group": "baseline"
  },
  "cisatracu mg/kg/hr__min": {
    "group": "baseline"
  },
  "current goal__min": {
    "group": "baseline"
  },
  "current used/ma__min": {
    "group": "baseline"
  },
  "currently experiencing pain__min": {
    "group": "baseline"
  },
  "dialysate flow ml/hr__min": {
    "group": "baseline"
  },
  "diastolic unloading__min": {
    "group": "baseline"
  },
  "epidural infusion rate (ml/hr)__min": {
    "group": "baseline"
  },
  "gait/transferring__min": {
    "group": "baseline"
  },
  "heart rate__min": {
    "group": "baseline"
  },
  "heart rate alarm - high__min": {
    "group": "baseline"
  },
  "heart rate alarm - low__min": {
    "group": "baseline"
  },
  "hr alarm [high]__min": {
    "group": "baseline"
  },
  "hr alarm [low]__min": {
    "group": "baseline"
  },
  "lowest heart rate__min": {
    "group": "baseline"
  },
  "manual blood pressure diastolic left__min": {
    "group": "baseline"
  },
  "manual blood pressure diastolic right__min": {
    "group": "baseline"
  },
  "manual blood pressure systolic left__min": {
    "group": "baseline"
  },
  "manual blood pressure systolic right__min": {
    "group": "baseline"
  },
  "manual bp [diastolic]__min": {
    "group": "baseline"
  },
  "manual bp [systolic]__min": {
    "group": "baseline"
  },
  "mucomyst       mg/hr__min": {
    "group": "baseline"
  },
  "mucomyst mg/hr__min": {
    "group": "baseline"
  },
  "nbp [diastolic]__min": {
    "group": "baseline"
  },
  "nbp [systolic]__min": {
    "group": "baseline"
  },
  "nicardipine mg/hr__min": {
    "group": "baseline"
  },
  "nicardipine--mg/hr__min": {
    "group": "baseline"
  },
  "non invasive blood pressure diastolic__min": {
    "group": "baseline"
  },
  "non invasive blood pressure systolic__min": {
    "group": "baseline"
  },
  "o2 saturation pulseoxymetry__min": {
    "group": "baseline"
  },
  "o2 saturation pulseoxymetry alarm - high__min": {
    "group": "baseline"
  },
  "o2 saturation pulseoxymetry alarm - low__min": {
    "group": "baseline"
  },
  "orthostat bp sitting [diastolic]__min": {
    "group": "baseline"
  },
  "orthostat bp sitting [systolic]__min": {
    "group": "baseline"
  },
  "orthostat hr sitting__min": {
    "group": "baseline"
  },
  "orthostatbp standing [diastolic]__min": {
    "group": "baseline"
  },
  "orthostatbp standing [systolic]__min": {
    "group": "baseline"
  },
  "orthostathr standing__min": {
    "group": "baseline"
  },
  "orthostatic bp lying [diastolic]__min": {
    "group": "baseline"
  },
  "orthostatic bp lying [systolic]__min": {
    "group": "baseline"
  },
  "orthostatic hr lying__min": {
    "group": "baseline"
  },
  "orthostatic hr sitting__min": {
    "group": "baseline"
  },
  "orthostatic hr standing__min": {
    "group": "baseline"
  },
  "pantoprazole   mg/hr__min": {
    "group": "baseline"
  },
  "pantoprazole  mg/hr__min": {
    "group": "baseline"
  },
  "pap [diastolic]__min": {
    "group": "baseline"
  },
  "pap [systolic]__min": {
    "group": "baseline"
  },
  "par-oxygen saturation__min": {
    "group": "baseline"
  },
  "pca 1 hr limit (mg)__min": {
    "group": "baseline"
  },
  "prothrombin time__min": {
    "group": "baseline"
  },
  "protonix mg/hr__min": {
    "group": "baseline"
  },
  "pulmonary artery pressure diastolic__min": {
    "group": "baseline"
  },
  "pulmonary artery pressure systolic__min": {
    "group": "baseline"
  },
  "replace rate ml/hr__min": {
    "group": "baseline"
  },
  "respiratory rate__min": {
    "group": "baseline"
  },
  "respiratory rate (set)__min": {
    "group": "baseline"
  },
  "respiratory rate (spontaneous)__min": {
    "group": "baseline"
  },
  "respiratory rate (total)__min": {
    "group": "baseline"
  },
  "respiratory rate set__min": {
    "group": "baseline"
  },
  "smoking cessation info offered through bidmc inpatient guide__min": {
    "group": "baseline"
  },
  "solumedrol mg/hr__min": {
    "group": "baseline"
  },
  "solumedrol mg/kg/hr__min": {
    "group": "baseline"
  },
  "spo2__min": {
    "group": "baseline"
  },
  "spo2 alarm [high]__min": {
    "group": "baseline"
  },
  "spo2 alarm [low]__min": {
    "group": "baseline"
  },
  "spo2 desat limit__min": {
    "group": "baseline"
  },
  "spon rr (mech.)__min": {
    "group": "baseline"
  },
  "spont rr__min": {
    "group": "baseline"
  },
  "systolic unloading__min": {
    "group": "baseline"
  },
  "tcpcv-map__min": {
    "group": "baseline"
  },
  "temp/iso/warmer [temperature, degrees c]__min": {
    "group": "baseline"
  },
  "temperature c__min": {
    "group": "baseline"
  },
  "temperature c (calc)__min": {
    "group": "baseline"
  },
  "temperature celsius__min": {
    "group": "baseline"
  },
  "temperature f__min": {
    "group": "baseline"
  },
  "temperature f (calc)__min": {
    "group": "baseline"
  },
  "temperature fahrenheit__min": {
    "group": "baseline"
  },
  "temporary atrial sens threshold mv__min": {
    "group": "baseline"
  },
  "temporary atrial stim threshold ma__min": {
    "group": "baseline"
  },
  "temporary venticular sens threshold mv__min": {
    "group": "baseline"
  },
  "temporary venticular stim threshold ma__min": {
    "group": "baseline"
  },
  "thrombin__min": {
    "group": "baseline"
  },
  "tpa mg/hr__min": {
    "group": "baseline"
  },
  "vent sens thresh mv__min": {
    "group": "baseline"
  },
  "vent stim thresh ma__min": {
    "group": "baseline"
  },
  "ventricular pacemaker threshold [value]__min": {
    "group": "baseline"
  },
  "xigris mcg/kg/hr__min": {
    "group": "baseline"
  },
  "aprotinin cc/hr__max": {
    "group": "baseline"
  },
  "aprotinin ml/hr__max": {
    "group": "baseline"
  },
  "art bp diastolic__max": {
    "group": "baseline"
  },
  "art bp systolic__max": {
    "group": "baseline"
  },
  "arterial blood pressure diastolic__max": {
    "group": "baseline"
  },
  "arterial blood pressure systolic__max": {
    "group": "baseline"
  },
  "arterial bp #2 [diastolic]__max": {
    "group": "baseline"
  },
  "arterial bp #2 [systolic]__max": {
    "group": "baseline"
  },
  "arterial bp [diastolic]__max": {
    "group": "baseline"
  },
  "arterial bp [systolic]__max": {
    "group": "baseline"
  },
  "arterial o2 saturation__max": {
    "group": "baseline"
  },
  "atr sens thresh mv__max": {
    "group": "baseline"
  },
  "atr stim thresh ma__max": {
    "group": "baseline"
  },
  "atrial pacemaker threshold [value]__max": {
    "group": "baseline"
  },
  "baseline current/ma__max": {
    "group": "baseline"
  },
  "blood temperature cco (c)__max": {
    "group": "baseline"
  },
  "bp cuff [diastolic]__max": {
    "group": "baseline"
  },
  "bp cuff [systolic]__max": {
    "group": "baseline"
  },
  "bp left arm [diastolic]__max": {
    "group": "baseline"
  },
  "bp left arm [systolic]__max": {
    "group": "baseline"
  },
  "bp left leg [diastolic]__max": {
    "group": "baseline"
  },
  "bp left leg [systolic]__max": {
    "group": "baseline"
  },
  "bp pal [diastolic]__max": {
    "group": "baseline"
  },
  "bp pal [systolic]__max": {
    "group": "baseline"
  },
  "bp right arm [diastolic]__max": {
    "group": "baseline"
  },
  "bp right arm [systolic]__max": {
    "group": "baseline"
  },
  "bp right leg [diastolic]__max": {
    "group": "baseline"
  },
  "bp right leg [systolic]__max": {
    "group": "baseline"
  },
  "bp uac [diastolic]__max": {
    "group": "baseline"
  },
  "bp uac [systolic]__max": {
    "group": "baseline"
  },
  "ca gluc gm/hr__max": {
    "group": "baseline"
  },
  "cariporide cc/hr__max": {
    "group": "baseline"
  },
  "cariporide ml/hr__max": {
    "group": "baseline"
  },
  "changes in temperature__max": {
    "group": "baseline"
  },
  "cisatracu mg/kg/hr__max": {
    "group": "baseline"
  },
  "current goal__max": {
    "group": "baseline"
  },
  "current used/ma__max": {
    "group": "baseline"
  },
  "currently experiencing pain__max": {
    "group": "baseline"
  },
  "dialysate flow ml/hr__max": {
    "group": "baseline"
  },
  "diastolic unloading__max": {
    "group": "baseline"
  },
  "epidural infusion rate (ml/hr)__max": {
    "group": "baseline"
  },
  "gait/transferring__max": {
    "group": "baseline"
  },
  "heart rate__max": {
    "group": "baseline"
  },
  "heart rate alarm - high__max": {
    "group": "baseline"
  },
  "heart rate alarm - low__max": {
    "group": "baseline"
  },
  "hr alarm [high]__max": {
    "group": "baseline"
  },
  "hr alarm [low]__max": {
    "group": "baseline"
  },
  "lowest heart rate__max": {
    "group": "baseline"
  },
  "manual blood pressure diastolic left__max": {
    "group": "baseline"
  },
  "manual blood pressure diastolic right__max": {
    "group": "baseline"
  },
  "manual blood pressure systolic left__max": {
    "group": "baseline"
  },
  "manual blood pressure systolic right__max": {
    "group": "baseline"
  },
  "manual bp [diastolic]__max": {
    "group": "baseline"
  },
  "manual bp [systolic]__max": {
    "group": "baseline"
  },
  "mucomyst       mg/hr__max": {
    "group": "baseline"
  },
  "mucomyst mg/hr__max": {
    "group": "baseline"
  },
  "nbp [diastolic]__max": {
    "group": "baseline"
  },
  "nbp [systolic]__max": {
    "group": "baseline"
  },
  "nicardipine mg/hr__max": {
    "group": "baseline"
  },
  "nicardipine--mg/hr__max": {
    "group": "baseline"
  },
  "non invasive blood pressure diastolic__max": {
    "group": "baseline"
  },
  "non invasive blood pressure systolic__max": {
    "group": "baseline"
  },
  "o2 saturation pulseoxymetry__max": {
    "group": "baseline"
  },
  "o2 saturation pulseoxymetry alarm - high__max": {
    "group": "baseline"
  },
  "o2 saturation pulseoxymetry alarm - low__max": {
    "group": "baseline"
  },
  "orthostat bp sitting [diastolic]__max": {
    "group": "baseline"
  },
  "orthostat bp sitting [systolic]__max": {
    "group": "baseline"
  },
  "orthostat hr sitting__max": {
    "group": "baseline"
  },
  "orthostatbp standing [diastolic]__max": {
    "group": "baseline"
  },
  "orthostatbp standing [systolic]__max": {
    "group": "baseline"
  },
  "orthostathr standing__max": {
    "group": "baseline"
  },
  "orthostatic bp lying [diastolic]__max": {
    "group": "baseline"
  },
  "orthostatic bp lying [systolic]__max": {
    "group": "baseline"
  },
  "orthostatic hr lying__max": {
    "group": "baseline"
  },
  "orthostatic hr sitting__max": {
    "group": "baseline"
  },
  "orthostatic hr standing__max": {
    "group": "baseline"
  },
  "pantoprazole   mg/hr__max": {
    "group": "baseline"
  },
  "pantoprazole  mg/hr__max": {
    "group": "baseline"
  },
  "pap [diastolic]__max": {
    "group": "baseline"
  },
  "pap [systolic]__max": {
    "group": "baseline"
  },
  "par-oxygen saturation__max": {
    "group": "baseline"
  },
  "pca 1 hr limit (mg)__max": {
    "group": "baseline"
  },
  "prothrombin time__max": {
    "group": "baseline"
  },
  "protonix mg/hr__max": {
    "group": "baseline"
  },
  "pulmonary artery pressure diastolic__max": {
    "group": "baseline"
  },
  "pulmonary artery pressure systolic__max": {
    "group": "baseline"
  },
  "replace rate ml/hr__max": {
    "group": "baseline"
  },
  "respiratory rate__max": {
    "group": "baseline"
  },
  "respiratory rate (set)__max": {
    "group": "baseline"
  },
  "respiratory rate (spontaneous)__max": {
    "group": "baseline"
  },
  "respiratory rate (total)__max": {
    "group": "baseline"
  },
  "respiratory rate set__max": {
    "group": "baseline"
  },
  "smoking cessation info offered through bidmc inpatient guide__max": {
    "group": "baseline"
  },
  "solumedrol mg/hr__max": {
    "group": "baseline"
  },
  "solumedrol mg/kg/hr__max": {
    "group": "baseline"
  },
  "spo2__max": {
    "group": "baseline"
  },
  "spo2 alarm [high]__max": {
    "group": "baseline"
  },
  "spo2 alarm [low]__max": {
    "group": "baseline"
  },
  "spo2 desat limit__max": {
    "group": "baseline"
  },
  "spon rr (mech.)__max": {
    "group": "baseline"
  },
  "spont rr__max": {
    "group": "baseline"
  },
  "systolic unloading__max": {
    "group": "baseline"
  },
  "tcpcv-map__max": {
    "group": "baseline"
  },
  "temp/iso/warmer [temperature, degrees c]__max": {
    "group": "baseline"
  },
  "temperature c__max": {
    "group": "baseline"
  },
  "temperature c (calc)__max": {
    "group": "baseline"
  },
  "temperature celsius__max": {
    "group": "baseline"
  },
  "temperature f__max": {
    "group": "baseline"
  },
  "temperature f (calc)__max": {
    "group": "baseline"
  },
  "temperature fahrenheit__max": {
    "group": "baseline"
  },
  "temporary atrial sens threshold mv__max": {
    "group": "baseline"
  },
  "temporary atrial stim threshold ma__max": {
    "group": "baseline"
  },
  "temporary venticular sens threshold mv__max": {
    "group": "baseline"
  },
  "temporary venticular stim threshold ma__max": {
    "group": "baseline"
  },
  "thrombin__max": {
    "group": "baseline"
  },
  "tpa mg/hr__max": {
    "group": "baseline"
  },
  "vent sens thresh mv__max": {
    "group": "baseline"
  },
  "vent stim thresh ma__max": {
    "group": "baseline"
  },
  "ventricular pacemaker threshold [value]__max": {
    "group": "baseline"
  },
  "xigris mcg/kg/hr__max": {
    "group": "baseline"
  },
  "aprotinin cc/hr__range": {
    "group": "baseline"
  },
  "aprotinin ml/hr__range": {
    "group": "baseline"
  },
  "art bp diastolic__range": {
    "group": "baseline"
  },
  "art bp systolic__range": {
    "group": "baseline"
  },
  "arterial blood pressure diastolic__range": {
    "group": "baseline"
  },
  "arterial blood pressure systolic__range": {
    "group": "baseline"
  },
  "arterial bp #2 [diastolic]__range": {
    "group": "baseline"
  },
  "arterial bp #2 [systolic]__range": {
    "group": "baseline"
  },
  "arterial bp [diastolic]__range": {
    "group": "baseline"
  },
  "arterial bp [systolic]__range": {
    "group": "baseline"
  },
  "arterial o2 saturation__range": {
    "group": "baseline"
  },
  "atr sens thresh mv__range": {
    "group": "baseline"
  },
  "atr stim thresh ma__range": {
    "group": "baseline"
  },
  "atrial pacemaker threshold [value]__range": {
    "group": "baseline"
  },
  "baseline current/ma__range": {
    "group": "baseline"
  },
  "blood temperature cco (c)__range": {
    "group": "baseline"
  },
  "bp cuff [diastolic]__range": {
    "group": "baseline"
  },
  "bp cuff [systolic]__range": {
    "group": "baseline"
  },
  "bp left arm [diastolic]__range": {
    "group": "baseline"
  },
  "bp left arm [systolic]__range": {
    "group": "baseline"
  },
  "bp left leg [diastolic]__range": {
    "group": "baseline"
  },
  "bp left leg [systolic]__range": {
    "group": "baseline"
  },
  "bp pal [diastolic]__range": {
    "group": "baseline"
  },
  "bp pal [systolic]__range": {
    "group": "baseline"
  },
  "bp right arm [diastolic]__range": {
    "group": "baseline"
  },
  "bp right arm [systolic]__range": {
    "group": "baseline"
  },
  "bp right leg [diastolic]__range": {
    "group": "baseline"
  },
  "bp right leg [systolic]__range": {
    "group": "baseline"
  },
  "bp uac [diastolic]__range": {
    "group": "baseline"
  },
  "bp uac [systolic]__range": {
    "group": "baseline"
  },
  "ca gluc gm/hr__range": {
    "group": "baseline"
  },
  "cariporide cc/hr__range": {
    "group": "baseline"
  },
  "cariporide ml/hr__range": {
    "group": "baseline"
  },
  "changes in temperature__range": {
    "group": "baseline"
  },
  "cisatracu mg/kg/hr__range": {
    "group": "baseline"
  },
  "current goal__range": {
    "group": "baseline"
  },
  "current used/ma__range": {
    "group": "baseline"
  },
  "currently experiencing pain__range": {
    "group": "baseline"
  },
  "dialysate flow ml/hr__range": {
    "group": "baseline"
  },
  "diastolic unloading__range": {
    "group": "baseline"
  },
  "epidural infusion rate (ml/hr)__range": {
    "group": "baseline"
  },
  "gait/transferring__range": {
    "group": "baseline"
  },
  "heart rate__range": {
    "group": "baseline"
  },
  "heart rate alarm - high__range": {
    "group": "baseline"
  },
  "heart rate alarm - low__range": {
    "group": "baseline"
  },
  "hr alarm [high]__range": {
    "group": "baseline"
  },
  "hr alarm [low]__range": {
    "group": "baseline"
  },
  "lowest heart rate__range": {
    "group": "baseline"
  },
  "manual blood pressure diastolic left__range": {
    "group": "baseline"
  },
  "manual blood pressure diastolic right__range": {
    "group": "baseline"
  },
  "manual blood pressure systolic left__range": {
    "group": "baseline"
  },
  "manual blood pressure systolic right__range": {
    "group": "baseline"
  },
  "manual bp [diastolic]__range": {
    "group": "baseline"
  },
  "manual bp [systolic]__range": {
    "group": "baseline"
  },
  "mucomyst       mg/hr__range": {
    "group": "baseline"
  },
  "mucomyst mg/hr__range": {
    "group": "baseline"
  },
  "nbp [diastolic]__range": {
    "group": "baseline"
  },
  "nbp [systolic]__range": {
    "group": "baseline"
  },
  "nicardipine mg/hr__range": {
    "group": "baseline"
  },
  "nicardipine--mg/hr__range": {
    "group": "baseline"
  },
  "non invasive blood pressure diastolic__range": {
    "group": "baseline"
  },
  "non invasive blood pressure systolic__range": {
    "group": "baseline"
  },
  "o2 saturation pulseoxymetry__range": {
    "group": "baseline"
  },
  "o2 saturation pulseoxymetry alarm - high__range": {
    "group": "baseline"
  },
  "o2 saturation pulseoxymetry alarm - low__range": {
    "group": "baseline"
  },
  "orthostat bp sitting [diastolic]__range": {
    "group": "baseline"
  },
  "orthostat bp sitting [systolic]__range": {
    "group": "baseline"
  },
  "orthostat hr sitting__range": {
    "group": "baseline"
  },
  "orthostatbp standing [diastolic]__range": {
    "group": "baseline"
  },
  "orthostatbp standing [systolic]__range": {
    "group": "baseline"
  },
  "orthostathr standing__range": {
    "group": "baseline"
  },
  "orthostatic bp lying [diastolic]__range": {
    "group": "baseline"
  },
  "orthostatic bp lying [systolic]__range": {
    "group": "baseline"
  },
  "orthostatic hr lying__range": {
    "group": "baseline"
  },
  "orthostatic hr sitting__range": {
    "group": "baseline"
  },
  "orthostatic hr standing__range": {
    "group": "baseline"
  },
  "pantoprazole   mg/hr__range": {
    "group": "baseline"
  },
  "pantoprazole  mg/hr__range": {
    "group": "baseline"
  },
  "pap [diastolic]__range": {
    "group": "baseline"
  },
  "pap [systolic]__range": {
    "group": "baseline"
  },
  "par-oxygen saturation__range": {
    "group": "baseline"
  },
  "pca 1 hr limit (mg)__range": {
    "group": "baseline"
  },
  "prothrombin time__range": {
    "group": "baseline"
  },
  "protonix mg/hr__range": {
    "group": "baseline"
  },
  "pulmonary artery pressure diastolic__range": {
    "group": "baseline"
  },
  "pulmonary artery pressure systolic__range": {
    "group": "baseline"
  },
  "replace rate ml/hr__range": {
    "group": "baseline"
  },
  "respiratory rate__range": {
    "group": "baseline"
  },
  "respiratory rate (set)__range": {
    "group": "baseline"
  },
  "respiratory rate (spontaneous)__range": {
    "group": "baseline"
  },
  "respiratory rate (total)__range": {
    "group": "baseline"
  },
  "respiratory rate set__range": {
    "group": "baseline"
  },
  "smoking cessation info offered through bidmc inpatient guide__range": {
    "group": "baseline"
  },
  "solumedrol mg/hr__range": {
    "group": "baseline"
  },
  "solumedrol mg/kg/hr__range": {
    "group": "baseline"
  },
  "spo2__range": {
    "group": "baseline"
  },
  "spo2 alarm [high]__range": {
    "group": "baseline"
  },
  "spo2 alarm [low]__range": {
    "group": "baseline"
  },
  "spo2 desat limit__range": {
    "group": "baseline"
  },
  "spon rr (mech.)__range": {
    "group": "baseline"
  },
  "spont rr__range": {
    "group": "baseline"
  },
  "systolic unloading__range": {
    "group": "baseline"
  },
  "tcpcv-map__range": {
    "group": "baseline"
  },
  "temp/iso/warmer [temperature, degrees c]__range": {
    "group": "baseline"
  },
  "temperature c__range": {
    "group": "baseline"
  },
  "temperature c (calc)__range": {
    "group": "baseline"
  },
  "temperature celsius__range": {
    "group": "baseline"
  },
  "temperature f__range": {
    "group": "baseline"
  },
  "temperature f (calc)__range": {
    "group": "baseline"
  },
  "temperature fahrenheit__range": {
    "group": "baseline"
  },
  "temporary atrial sens threshold mv__range": {
    "group": "baseline"
  },
  "temporary atrial stim threshold ma__range": {
    "group": "baseline"
  },
  "temporary venticular sens threshold mv__range": {
    "group": "baseline"
  },
  "temporary venticular stim threshold ma__range": {
    "group": "baseline"
  },
  "thrombin__range": {
    "group": "baseline"
  },
  "tpa mg/hr__range": {
    "group": "baseline"
  },
  "vent sens thresh mv__range": {
    "group": "baseline"
  },
  "vent stim thresh ma__range": {
    "group": "baseline"
  },
  "ventricular pacemaker threshold [value]__range": {
    "group": "baseline"
  },
  "xigris mcg/kg/hr__range": {
    "group": "baseline"
  },
  "aprotinin cc/hr__last": {
    "group": "baseline"
  },
  "aprotinin ml/hr__last": {
    "group": "baseline"
  },
  "art bp diastolic__last": {
    "group": "baseline"
  },
  "art bp systolic__last": {
    "group": "baseline"
  },
  "arterial blood pressure diastolic__last": {
    "group": "baseline"
  },
  "arterial blood pressure systolic__last": {
    "group": "baseline"
  },
  "arterial bp #2 [diastolic]__last": {
    "group": "baseline"
  },
  "arterial bp #2 [systolic]__last": {
    "group": "baseline"
  },
  "arterial bp [diastolic]__last": {
    "group": "baseline"
  },
  "arterial bp [systolic]__last": {
    "group": "baseline"
  },
  "arterial o2 saturation__last": {
    "group": "baseline"
  },
  "atr sens thresh mv__last": {
    "group": "baseline"
  },
  "atr stim thresh ma__last": {
    "group": "baseline"
  },
  "atrial pacemaker threshold [value]__last": {
    "group": "baseline"
  },
  "baseline current/ma__last": {
    "group": "baseline"
  },
  "blood temperature cco (c)__last": {
    "group": "baseline"
  },
  "bp cuff [diastolic]__last": {
    "group": "baseline"
  },
  "bp cuff [systolic]__last": {
    "group": "baseline"
  },
  "bp left arm [diastolic]__last": {
    "group": "baseline"
  },
  "bp left arm [systolic]__last": {
    "group": "baseline"
  },
  "bp left leg [diastolic]__last": {
    "group": "baseline"
  },
  "bp left leg [systolic]__last": {
    "group": "baseline"
  },
  "bp pal [diastolic]__last": {
    "group": "baseline"
  },
  "bp pal [systolic]__last": {
    "group": "baseline"
  },
  "bp right arm [diastolic]__last": {
    "group": "baseline"
  },
  "bp right arm [systolic]__last": {
    "group": "baseline"
  },
  "bp right leg [diastolic]__last": {
    "group": "baseline"
  },
  "bp right leg [systolic]__last": {
    "group": "baseline"
  },
  "bp uac [diastolic]__last": {
    "group": "baseline"
  },
  "bp uac [systolic]__last": {
    "group": "baseline"
  },
  "ca gluc gm/hr__last": {
    "group": "baseline"
  },
  "cariporide cc/hr__last": {
    "group": "baseline"
  },
  "cariporide ml/hr__last": {
    "group": "baseline"
  },
  "changes in temperature__last": {
    "group": "baseline"
  },
  "cisatracu mg/kg/hr__last": {
    "group": "baseline"
  },
  "current goal__last": {
    "group": "baseline"
  },
  "current used/ma__last": {
    "group": "baseline"
  },
  "currently experiencing pain__last": {
    "group": "baseline"
  },
  "dialysate flow ml/hr__last": {
    "group": "baseline"
  },
  "diastolic unloading__last": {
    "group": "baseline"
  },
  "epidural infusion rate (ml/hr)__last": {
    "group": "baseline"
  },
  "gait/transferring__last": {
    "group": "baseline"
  },
  "heart rate__last": {
    "group": "baseline"
  },
  "heart rate alarm - high__last": {
    "group": "baseline"
  },
  "heart rate alarm - low__last": {
    "group": "baseline"
  },
  "hr alarm [high]__last": {
    "group": "baseline"
  },
  "hr alarm [low]__last": {
    "group": "baseline"
  },
  "lowest heart rate__last": {
    "group": "baseline"
  },
  "manual blood pressure diastolic left__last": {
    "group": "baseline"
  },
  "manual blood pressure diastolic right__last": {
    "group": "baseline"
  },
  "manual blood pressure systolic left__last": {
    "group": "baseline"
  },
  "manual blood pressure systolic right__last": {
    "group": "baseline"
  },
  "manual bp [diastolic]__last": {
    "group": "baseline"
  },
  "manual bp [systolic]__last": {
    "group": "baseline"
  },
  "mucomyst       mg/hr__last": {
    "group": "baseline"
  },
  "mucomyst mg/hr__last": {
    "group": "baseline"
  },
  "nbp [diastolic]__last": {
    "group": "baseline"
  },
  "nbp [systolic]__last": {
    "group": "baseline"
  },
  "nicardipine mg/hr__last": {
    "group": "baseline"
  },
  "nicardipine--mg/hr__last": {
    "group": "baseline"
  },
  "non invasive blood pressure diastolic__last": {
    "group": "baseline"
  },
  "non invasive blood pressure systolic__last": {
    "group": "baseline"
  },
  "o2 saturation pulseoxymetry__last": {
    "group": "baseline"
  },
  "o2 saturation pulseoxymetry alarm - high__last": {
    "group": "baseline"
  },
  "o2 saturation pulseoxymetry alarm - low__last": {
    "group": "baseline"
  },
  "orthostat bp sitting [diastolic]__last": {
    "group": "baseline"
  },
  "orthostat bp sitting [systolic]__last": {
    "group": "baseline"
  },
  "orthostat hr sitting__last": {
    "group": "baseline"
  },
  "orthostatbp standing [diastolic]__last": {
    "group": "baseline"
  },
  "orthostatbp standing [systolic]__last": {
    "group": "baseline"
  },
  "orthostathr standing__last": {
    "group": "baseline"
  },
  "orthostatic bp lying [diastolic]__last": {
    "group": "baseline"
  },
  "orthostatic bp lying [systolic]__last": {
    "group": "baseline"
  },
  "orthostatic hr lying__last": {
    "group": "baseline"
  },
  "orthostatic hr sitting__last": {
    "group": "baseline"
  },
  "orthostatic hr standing__last": {
    "group": "baseline"
  },
  "pantoprazole   mg/hr__last": {
    "group": "baseline"
  },
  "pantoprazole  mg/hr__last": {
    "group": "baseline"
  },
  "pap [diastolic]__last": {
    "group": "baseline"
  },
  "pap [systolic]__last": {
    "group": "baseline"
  },
  "par-oxygen saturation__last": {
    "group": "baseline"
  },
  "pca 1 hr limit (mg)__last": {
    "group": "baseline"
  },
  "prothrombin time__last": {
    "group": "baseline"
  },
  "protonix mg/hr__last": {
    "group": "baseline"
  },
  "pulmonary artery pressure diastolic__last": {
    "group": "baseline"
  },
  "pulmonary artery pressure systolic__last": {
    "group": "baseline"
  },
  "replace rate ml/hr__last": {
    "group": "baseline"
  },
  "respiratory rate__last": {
    "group": "baseline"
  },
  "respiratory rate (set)__last": {
    "group": "baseline"
  },
  "respiratory rate (spontaneous)__last": {
    "group": "baseline"
  },
  "respiratory rate (total)__last": {
    "group": "baseline"
  },
  "respiratory rate set__last": {
    "group": "baseline"
  },
  "smoking cessation info offered through bidmc inpatient guide__last": {
    "group": "baseline"
  },
  "solumedrol mg/hr__last": {
    "group": "baseline"
  },
  "solumedrol mg/kg/hr__last": {
    "group": "baseline"
  },
  "spo2__last": {
    "group": "baseline"
  },
  "spo2 alarm [high]__last": {
    "group": "baseline"
  },
  "spo2 alarm [low]__last": {
    "group": "baseline"
  },
  "spo2 desat limit__last": {
    "group": "baseline"
  },
  "spon rr (mech.)__last": {
    "group": "baseline"
  },
  "spont rr__last": {
    "group": "baseline"
  },
  "systolic unloading__last": {
    "group": "baseline"
  },
  "tcpcv-map__last": {
    "group": "baseline"
  },
  "temp/iso/warmer [temperature, degrees c]__last": {
    "group": "baseline"
  },
  "temperature c__last": {
    "group": "baseline"
  },
  "temperature c (calc)__last": {
    "group": "baseline"
  },
  "temperature celsius__last": {
    "group": "baseline"
  },
  "temperature f__last": {
    "group": "baseline"
  },
  "temperature f (calc)__last": {
    "group": "baseline"
  },
  "temperature fahrenheit__last": {
    "group": "baseline"
  },
  "temporary atrial sens threshold mv__last": {
    "group": "baseline"
  },
  "temporary atrial stim threshold ma__last": {
    "group": "baseline"
  },
  "temporary venticular sens threshold mv__last": {
    "group": "baseline"
  },
  "temporary venticular stim threshold ma__last": {
    "group": "baseline"
  },
  "thrombin__last": {
    "group": "baseline"
  },
  "tpa mg/hr__last": {
    "group": "baseline"
  },
  "vent sens thresh mv__last": {
    "group": "baseline"
  },
  "vent stim thresh ma__last": {
    "group": "baseline"
  },
  "ventricular pacemaker threshold [value]__last": {
    "group": "baseline"
  },
  "xigris mcg/kg/hr__last": {
    "group": "baseline"
  },
  "aprotinin cc/hr__count": {
    "group": "missingness"
  },
  "aprotinin ml/hr__count": {
    "group": "missingness"
  },
  "art bp diastolic__count": {
    "group": "missingness"
  },
  "art bp systolic__count": {
    "group": "missingness"
  },
  "arterial blood pressure diastolic__count": {
    "group": "missingness"
  },
  "arterial blood pressure systolic__count": {
    "group": "missingness"
  },
  "arterial bp #2 [diastolic]__count": {
    "group": "missingness"
  },
  "arterial bp #2 [systolic]__count": {
    "group": "missingness"
  },
  "arterial bp [diastolic]__count": {
    "group": "missingness"
  },
  "arterial bp [systolic]__count": {
    "group": "missingness"
  },
  "arterial o2 saturation__count": {
    "group": "missingness"
  },
  "atr sens thresh mv__count": {
    "group": "missingness"
  },
  "atr stim thresh ma__count": {
    "group": "missingness"
  },
  "atrial pacemaker threshold [value]__count": {
    "group": "missingness"
  },
  "baseline current/ma__count": {
    "group": "missingness"
  },
  "blood temperature cco (c)__count": {
    "group": "missingness"
  },
  "bp cuff [diastolic]__count": {
    "group": "missingness"
  },
  "bp cuff [systolic]__count": {
    "group": "missingness"
  },
  "bp left arm [diastolic]__count": {
    "group": "missingness"
  },
  "bp left arm [systolic]__count": {
    "group": "missingness"
  },
  "bp left leg [diastolic]__count": {
    "group": "missingness"
  },
  "bp left leg [systolic]__count": {
    "group": "missingness"
  },
  "bp pal [diastolic]__count": {
    "group": "missingness"
  },
  "bp pal [systolic]__count": {
    "group": "missingness"
  },
  "bp right arm [diastolic]__count": {
    "group": "missingness"
  },
  "bp right arm [systolic]__count": {
    "group": "missingness"
  },
  "bp right leg [diastolic]__count": {
    "group": "missingness"
  },
  "bp right leg [systolic]__count": {
    "group": "missingness"
  },
  "bp uac [diastolic]__count": {
    "group": "missingness"
  },
  "bp uac [systolic]__count": {
    "group": "missingness"
  },
  "ca gluc gm/hr__count": {
    "group": "missingness"
  },
  "cariporide cc/hr__count": {
    "group": "missingness"
  },
  "cariporide ml/hr__count": {
    "group": "missingness"
  },
  "changes in temperature__count": {
    "group": "missingness"
  },
  "cisatracu mg/kg/hr__count": {
    "group": "missingness"
  },
  "current goal__count": {
    "group": "missingness"
  },
  "current used/ma__count": {
    "group": "missingness"
  },
  "currently experiencing pain__count": {
    "group": "missingness"
  },
  "dialysate flow ml/hr__count": {
    "group": "missingness"
  },
  "diastolic unloading__count": {
    "group": "missingness"
  },
  "epidural infusion rate (ml/hr)__count": {
    "group": "missingness"
  },
  "gait/transferring__count": {
    "group": "missingness"
  },
  "heart rate__count": {
    "group": "missingness"
  },
  "heart rate alarm - high__count": {
    "group": "missingness"
  },
  "heart rate alarm - low__count": {
    "group": "missingness"
  },
  "hr alarm [high]__count": {
    "group": "missingness"
  },
  "hr alarm [low]__count": {
    "group": "missingness"
  },
  "lowest heart rate__count": {
    "group": "missingness"
  },
  "manual blood pressure diastolic left__count": {
    "group": "missingness"
  },
  "manual blood pressure diastolic right__count": {
    "group": "missingness"
  },
  "manual blood pressure systolic left__count": {
    "group": "missingness"
  },
  "manual blood pressure systolic right__count": {
    "group": "missingness"
  },
  "manual bp [diastolic]__count": {
    "group": "missingness"
  },
  "manual bp [systolic]__count": {
    "group": "missingness"
  },
  "mucomyst       mg/hr__count": {
    "group": "missingness"
  },
  "mucomyst mg/hr__count": {
    "group": "missingness"
  },
  "nbp [diastolic]__count": {
    "group": "missingness"
  },
  "nbp [systolic]__count": {
    "group": "missingness"
  },
  "nicardipine mg/hr__count": {
    "group": "missingness"
  },
  "nicardipine--mg/hr__count": {
    "group": "missingness"
  },
  "non invasive blood pressure diastolic__count": {
    "group": "missingness"
  },
  "non invasive blood pressure systolic__count": {
    "group": "missingness"
  },
  "o2 saturation pulseoxymetry__count": {
    "group": "missingness"
  },
  "o2 saturation pulseoxymetry alarm - high__count": {
    "group": "missingness"
  },
  "o2 saturation pulseoxymetry alarm - low__count": {
    "group": "missingness"
  },
  "orthostat bp sitting [diastolic]__count": {
    "group": "missingness"
  },
  "orthostat bp sitting [systolic]__count": {
    "group": "missingness"
  },
  "orthostat hr sitting__count": {
    "group": "missingness"
  },
  "orthostatbp standing [diastolic]__count": {
    "group": "missingness"
  },
  "orthostatbp standing [systolic]__count": {
    "group": "missingness"
  },
  "orthostathr standing__count": {
    "group": "missingness"
  },
  "orthostatic bp lying [diastolic]__count": {
    "group": "missingness"
  },
  "orthostatic bp lying [systolic]__count": {
    "group": "missingness"
  },
  "orthostatic hr lying__count": {
    "group": "missingness"
  },
  "orthostatic hr sitting__count": {
    "group": "missingness"
  },
  "orthostatic hr standing__count": {
    "group": "missingness"
  },
  "pantoprazole   mg/hr__count": {
    "group": "missingness"
  },
  "pantoprazole  mg/hr__count": {
    "group": "missingness"
  },
  "pap [diastolic]__count": {
    "group": "missingness"
  },
  "pap [systolic]__count": {
    "group": "missingness"
  },
  "par-oxygen saturation__count": {
    "group": "missingness"
  },
  "pca 1 hr limit (mg)__count": {
    "group": "missingness"
  },
  "prothrombin time__count": {
    "group": "missingness"
  },
  "protonix mg/hr__count": {
    "group": "missingness"
  },
  "pulmonary artery pressure diastolic__count": {
    "group": "missingness"
  },
  "pulmonary artery pressure systolic__count": {
    "group": "missingness"
  },
  "replace rate ml/hr__count": {
    "group": "missingness"
  },
  "respiratory rate__count": {
    "group": "missingness"
  },
  "respiratory rate (set)__count": {
    "group": "missingness"
  },
  "respiratory rate (spontaneous)__count": {
    "group": "missingness"
  },
  "respiratory rate (total)__count": {
    "group": "missingness"
  },
  "respiratory rate set__count": {
    "group": "missingness"
  },
  "smoking cessation info offered through bidmc inpatient guide__count": {
    "group": "missingness"
  },
  "solumedrol mg/hr__count": {
    "group": "missingness"
  },
  "solumedrol mg/kg/hr__count": {
    "group": "missingness"
  },
  "spo2__count": {
    "group": "missingness"
  },
  "spo2 alarm [high]__count": {
    "group": "missingness"
  },
  "spo2 alarm [low]__count": {
    "group": "missingness"
  },
  "spo2 desat limit__count": {
    "group": "missingness"
  },
  "spon rr (mech.)__count": {
    "group": "missingness"
  },
  "spont rr__count": {
    "group": "missingness"
  },
  "systolic unloading__count": {
    "group": "missingness"
  },
  "tcpcv-map__count": {
    "group": "missingness"
  },
  "temp/iso/warmer [temperature, degrees c]__count": {
    "group": "missingness"
  },
  "temperature c__count": {
    "group": "missingness"
  },
  "temperature c (calc)__count": {
    "group": "missingness"
  },
  "temperature celsius__count": {
    "group": "missingness"
  },
  "temperature f__count": {
    "group": "missingness"
  },
  "temperature f (calc)__count": {
    "group": "missingness"
  },
  "temperature fahrenheit__count": {
    "group": "missingness"
  },
  "temporary atrial sens threshold mv__count": {
    "group": "missingness"
  },
  "temporary atrial stim threshold ma__count": {
    "group": "missingness"
  },
  "temporary venticular sens threshold mv__count": {
    "group": "missingness"
  },
  "temporary venticular stim threshold ma__count": {
    "group": "missingness"
  },
  "thrombin__count": {
    "group": "missingness"
  },
  "tpa mg/hr__count": {
    "group": "missingness"
  },
  "vent sens thresh mv__count": {
    "group": "missingness"
  },
  "vent stim thresh ma__count": {
    "group": "missingness"
  },
  "ventricular pacemaker threshold [value]__count": {
    "group": "missingness"
  },
  "xigris mcg/kg/hr__count": {
    "group": "missingness"
  },
  "aprotinin cc/hr__measured": {
    "group": "missingness"
  },
  "aprotinin ml/hr__measured": {
    "group": "missingness"
  },
  "art bp diastolic__measured": {
    "group": "missingness"
  },
  "art bp systolic__measured": {
    "group": "missingness"
  },
  "arterial blood pressure diastolic__measured": {
    "group": "missingness"
  },
  "arterial blood pressure systolic__measured": {
    "group": "missingness"
  },
  "arterial bp #2 [diastolic]__measured": {
    "group": "missingness"
  },
  "arterial bp #2 [systolic]__measured": {
    "group": "missingness"
  },
  "arterial bp [diastolic]__measured": {
    "group": "missingness"
  },
  "arterial bp [systolic]__measured": {
    "group": "missingness"
  },
  "arterial o2 saturation__measured": {
    "group": "missingness"
  },
  "atr sens thresh mv__measured": {
    "group": "missingness"
  },
  "atr stim thresh ma__measured": {
    "group": "missingness"
  },
  "atrial pacemaker threshold [value]__measured": {
    "group": "missingness"
  },
  "baseline current/ma__measured": {
    "group": "missingness"
  },
  "blood temperature cco (c)__measured": {
    "group": "missingness"
  },
  "bp cuff [diastolic]__measured": {
    "group": "missingness"
  },
  "bp cuff [systolic]__measured": {
    "group": "missingness"
  },
  "bp left arm [diastolic]__measured": {
    "group": "missingness"
  },
  "bp left arm [systolic]__measured": {
    "group": "missingness"
  },
  "bp left leg [diastolic]__measured": {
    "group": "missingness"
  },
  "bp left leg [systolic]__measured": {
    "group": "missingness"
  },
  "bp pal [diastolic]__measured": {
    "group": "missingness"
  },
  "bp pal [systolic]__measured": {
    "group": "missingness"
  },
  "bp right arm [diastolic]__measured": {
    "group": "missingness"
  },
  "bp right arm [systolic]__measured": {
    "group": "missingness"
  },
  "bp right leg [diastolic]__measured": {
    "group": "missingness"
  },
  "bp right leg [systolic]__measured": {
    "group": "missingness"
  },
  "bp uac [diastolic]__measured": {
    "group": "missingness"
  },
  "bp uac [systolic]__measured": {
    "group": "missingness"
  },
  "ca gluc gm/hr__measured": {
    "group": "missingness"
  },
  "cariporide cc/hr__measured": {
    "group": "missingness"
  },
  "cariporide ml/hr__measured": {
    "group": "missingness"
  },
  "changes in temperature__measured": {
    "group": "missingness"
  },
  "cisatracu mg/kg/hr__measured": {
    "group": "missingness"
  },
  "current goal__measured": {
    "group": "missingness"
  },
  "current used/ma__measured": {
    "group": "missingness"
  },
  "currently experiencing pain__measured": {
    "group": "missingness"
  },
  "dialysate flow ml/hr__measured": {
    "group": "missingness"
  },
  "diastolic unloading__measured": {
    "group": "missingness"
  },
  "epidural infusion rate (ml/hr)__measured": {
    "group": "missingness"
  },
  "gait/transferring__measured": {
    "group": "missingness"
  },
  "heart rate__measured": {
    "group": "missingness"
  },
  "heart rate alarm - high__measured": {
    "group": "missingness"
  },
  "heart rate alarm - low__measured": {
    "group": "missingness"
  },
  "hr alarm [high]__measured": {
    "group": "missingness"
  },
  "hr alarm [low]__measured": {
    "group": "missingness"
  },
  "lowest heart rate__measured": {
    "group": "missingness"
  },
  "manual blood pressure diastolic left__measured": {
    "group": "missingness"
  },
  "manual blood pressure diastolic right__measured": {
    "group": "missingness"
  },
  "manual blood pressure systolic left__measured": {
    "group": "missingness"
  },
  "manual blood pressure systolic right__measured": {
    "group": "missingness"
  },
  "manual bp [diastolic]__measured": {
    "group": "missingness"
  },
  "manual bp [systolic]__measured": {
    "group": "missingness"
  },
  "mucomyst       mg/hr__measured": {
    "group": "missingness"
  },
  "mucomyst mg/hr__measured": {
    "group": "missingness"
  },
  "nbp [diastolic]__measured": {
    "group": "missingness"
  },
  "nbp [systolic]__measured": {
    "group": "missingness"
  },
  "nicardipine mg/hr__measured": {
    "group": "missingness"
  },
  "nicardipine--mg/hr__measured": {
    "group": "missingness"
  },
  "non invasive blood pressure diastolic__measured": {
    "group": "missingness"
  },
  "non invasive blood pressure systolic__measured": {
    "group": "missingness"
  },
  "o2 saturation pulseoxymetry__measured": {
    "group": "missingness"
  },
  "o2 saturation pulseoxymetry alarm - high__measured": {
    "group": "missingness"
  },
  "o2 saturation pulseoxymetry alarm - low__measured": {
    "group": "missingness"
  },
  "orthostat bp sitting [diastolic]__measured": {
    "group": "missingness"
  },
  "orthostat bp sitting [systolic]__measured": {
    "group": "missingness"
  },
  "orthostat hr sitting__measured": {
    "group": "missingness"
  },
  "orthostatbp standing [diastolic]__measured": {
    "group": "missingness"
  },
  "orthostatbp standing [systolic]__measured": {
    "group": "missingness"
  },
  "orthostathr standing__measured": {
    "group": "missingness"
  },
  "orthostatic bp lying [diastolic]__measured": {
    "group": "missingness"
  },
  "orthostatic bp lying [systolic]__measured": {
    "group": "missingness"
  },
  "orthostatic hr lying__measured": {
    "group": "missingness"
  },
  "orthostatic hr sitting__measured": {
    "group": "missingness"
  },
  "orthostatic hr standing__measured": {
    "group": "missingness"
  },
  "pantoprazole   mg/hr__measured": {
    "group": "missingness"
  },
  "pantoprazole  mg/hr__measured": {
    "group": "missingness"
  },
  "pap [diastolic]__measured": {
    "group": "missingness"
  },
  "pap [systolic]__measured": {
    "group": "missingness"
  },
  "par-oxygen saturation__measured": {
    "group": "missingness"
  },
  "pca 1 hr limit (mg)__measured": {
    "group": "missingness"
  },
  "prothrombin time__measured": {
    "group": "missingness"
  },
  "protonix mg/hr__measured": {
    "group": "missingness"
  },
  "pulmonary artery pressure diastolic__measured": {
    "group": "missingness"
  },
  "pulmonary artery pressure systolic__measured": {
    "group": "missingness"
  },
  "replace rate ml/hr__measured": {
    "group": "missingness"
  },
  "respiratory rate__measured": {
    "group": "missingness"
  },
  "respiratory rate (set)__measured": {
    "group": "missingness"
  },
  "respiratory rate (spontaneous)__measured": {
    "group": "missingness"
  },
  "respiratory rate (total)__measured": {
    "group": "missingness"
  },
  "respiratory rate set__measured": {
    "group": "missingness"
  },
  "smoking cessation info offered through bidmc inpatient guide__measured": {
    "group": "missingness"
  },
  "solumedrol mg/hr__measured": {
    "group": "missingness"
  },
  "solumedrol mg/kg/hr__measured": {
    "group": "missingness"
  },
  "spo2__measured": {
    "group": "missingness"
  },
  "spo2 alarm [high]__measured": {
    "group": "missingness"
  },
  "spo2 alarm [low]__measured": {
    "group": "missingness"
  },
  "spo2 desat limit__measured": {
    "group": "missingness"
  },
  "spon rr (mech.)__measured": {
    "group": "missingness"
  },
  "spont rr__measured": {
    "group": "missingness"
  },
  "systolic unloading__measured": {
    "group": "missingness"
  },
  "tcpcv-map__measured": {
    "group": "missingness"
  },
  "temp/iso/warmer [temperature, degrees c]__measured": {
    "group": "missingness"
  },
  "temperature c__measured": {
    "group": "missingness"
  },
  "temperature c (calc)__measured": {
    "group": "missingness"
  },
  "temperature celsius__measured": {
    "group": "missingness"
  },
  "temperature f__measured": {
    "group": "missingness"
  },
  "temperature f (calc)__measured": {
    "group": "missingness"
  },
  "temperature fahrenheit__measured": {
    "group": "missingness"
  },
  "temporary atrial sens threshold mv__measured": {
    "group": "missingness"
  },
  "temporary atrial stim threshold ma__measured": {
    "group": "missingness"
  },
  "temporary venticular sens threshold mv__measured": {
    "group": "missingness"
  },
  "temporary venticular stim threshold ma__measured": {
    "group": "missingness"
  },
  "thrombin__measured": {
    "group": "missingness"
  },
  "tpa mg/hr__measured": {
    "group": "missingness"
  },
  "vent sens thresh mv__measured": {
    "group": "missingness"
  },
  "vent stim thresh ma__measured": {
    "group": "missingness"
  },
  "ventricular pacemaker threshold [value]__measured": {
    "group": "missingness"
  },
  "xigris mcg/kg/hr__measured": {
    "group": "missingness"
  },
  "% hemoglobin a1c__mean": {
    "group": "baseline"
  },
  "24 hr creatinine__mean": {
    "group": "baseline"
  },
  "albumin/creatinine, urine__mean": {
    "group": "baseline"
  },
  "bicarbonate__mean": {
    "group": "baseline"
  },
  "bicarbonate, urine__mean": {
    "group": "baseline"
  },
  "calculated bicarbonate, whole blood__mean": {
    "group": "baseline"
  },
  "carboxyhemoglobin__mean": {
    "group": "baseline"
  },
  "chloride__mean": {
    "group": "baseline"
  },
  "chloride, urine__mean": {
    "group": "baseline"
  },
  "chloride, whole blood__mean": {
    "group": "baseline"
  },
  "ck-mb index__mean": {
    "group": "baseline"
  },
  "creatine kinase (ck)__mean": {
    "group": "baseline"
  },
  "creatinine__mean": {
    "group": "baseline"
  },
  "creatinine, ascites__mean": {
    "group": "baseline"
  },
  "creatinine, body fluid__mean": {
    "group": "baseline"
  },
  "creatinine, pleural__mean": {
    "group": "baseline"
  },
  "creatinine, urine__mean": {
    "group": "baseline"
  },
  "glucose__mean": {
    "group": "baseline"
  },
  "glucose, ascites__mean": {
    "group": "baseline"
  },
  "glucose, body fluid__mean": {
    "group": "baseline"
  },
  "glucose, csf__mean": {
    "group": "baseline"
  },
  "glucose, pleural__mean": {
    "group": "baseline"
  },
  "glucose, urine__mean": {
    "group": "baseline"
  },
  "hematocrit__mean": {
    "group": "baseline"
  },
  "hematocrit, ascites__mean": {
    "group": "baseline"
  },
  "hematocrit, calculated__mean": {
    "group": "baseline"
  },
  "hematocrit, joint fluid__mean": {
    "group": "baseline"
  },
  "hematocrit, other fluid__mean": {
    "group": "baseline"
  },
  "hematocrit, pleural__mean": {
    "group": "baseline"
  },
  "hemoglobin__mean": {
    "group": "baseline"
  },
  "hemoglobin c__mean": {
    "group": "baseline"
  },
  "lactate__mean": {
    "group": "baseline"
  },
  "lactate dehydrogenase (ld)__mean": {
    "group": "baseline"
  },
  "lactate dehydrogenase, ascites__mean": {
    "group": "baseline"
  },
  "lactate dehydrogenase, csf__mean": {
    "group": "baseline"
  },
  "lactate dehydrogenase, pleural__mean": {
    "group": "baseline"
  },
  "methemoglobin__mean": {
    "group": "baseline"
  },
  "platelet count__mean": {
    "group": "baseline"
  },
  "potassium__mean": {
    "group": "baseline"
  },
  "potassium, urine__mean": {
    "group": "baseline"
  },
  "potassium, whole blood__mean": {
    "group": "baseline"
  },
  "protein/creatinine ratio__mean": {
    "group": "baseline"
  },
  "sodium__mean": {
    "group": "baseline"
  },
  "sodium, urine__mean": {
    "group": "baseline"
  },
  "sodium, whole blood__mean": {
    "group": "baseline"
  },
  "tacrofk__mean": {
    "group": "baseline"
  },
  "urea nitrogen__mean": {
    "group": "baseline"
  },
  "urea nitrogen, urine__mean": {
    "group": "baseline"
  },
  "wbc__mean": {
    "group": "baseline"
  },
  "wbc casts__mean": {
    "group": "baseline"
  },
  "wbc count__mean": {
    "group": "baseline"
  },
  "wbc, ascites__mean": {
    "group": "baseline"
  },
  "wbc, csf__mean": {
    "group": "baseline"
  },
  "wbc, joint fluid__mean": {
    "group": "baseline"
  },
  "wbc, other fluid__mean": {
    "group": "baseline"
  },
  "wbc, pleural__mean": {
    "group": "baseline"
  },
  "white blood cells__mean": {
    "group": "baseline"
  },
  "% hemoglobin a1c__std": {
    "group": "baseline"
  },
  "albumin/creatinine, urine__std": {
    "group": "baseline"
  },
  "bicarbonate__std": {
    "group": "baseline"
  },
  "bicarbonate, urine__std": {
    "group": "baseline"
  },
  "calculated bicarbonate, whole blood__std": {
    "group": "baseline"
  },
  "carboxyhemoglobin__std": {
    "group": "baseline"
  },
  "chloride__std": {
    "group": "baseline"
  },
  "chloride, urine__std": {
    "group": "baseline"
  },
  "chloride, whole blood__std": {
    "group": "baseline"
  },
  "ck-mb index__std": {
    "group": "baseline"
  },
  "creatine kinase (ck)__std": {
    "group": "baseline"
  },
  "creatinine__std": {
    "group": "baseline"
  },
  "creatinine, ascites__std": {
    "group": "baseline"
  },
  "creatinine, body fluid__std": {
    "group": "baseline"
  },
  "creatinine, urine__std": {
    "group": "baseline"
  },
  "glucose__std": {
    "group": "baseline"
  },
  "glucose, ascites__std": {
    "group": "baseline"
  },
  "glucose, body fluid__std": {
    "group": "baseline"
  },
  "glucose, csf__std": {
    "group": "baseline"
  },
  "glucose, pleural__std": {
    "group": "baseline"
  },
  "hematocrit__std": {
    "group": "baseline"
  },
  "hematocrit, calculated__std": {
    "group": "baseline"
  },
  "hematocrit, other fluid__std": {
    "group": "baseline"
  },
  "hematocrit, pleural__std": {
    "group": "baseline"
  },
  "hemoglobin__std": {
    "group": "baseline"
  },
  "lactate__std": {
    "group": "baseline"
  },
  "lactate dehydrogenase (ld)__std": {
    "group": "baseline"
  },
  "lactate dehydrogenase, ascites__std": {
    "group": "baseline"
  },
  "lactate dehydrogenase, csf__std": {
    "group": "baseline"
  },
  "lactate dehydrogenase, pleural__std": {
    "group": "baseline"
  },
  "methemoglobin__std": {
    "group": "baseline"
  },
  "platelet count__std": {
    "group": "baseline"
  },
  "potassium__std": {
    "group": "baseline"
  },
  "potassium, urine__std": {
    "group": "baseline"
  },
  "potassium, whole blood__std": {
    "group": "baseline"
  },
  "protein/creatinine ratio__std": {
    "group": "baseline"
  },
  "sodium__std": {
    "group": "baseline"
  },
  "sodium, urine__std": {
    "group": "baseline"
  },
  "sodium, whole blood__std": {
    "group": "baseline"
  },
  "tacrofk__std": {
    "group": "baseline"
  },
  "urea nitrogen__std": {
    "group": "baseline"
  },
  "urea nitrogen, urine__std": {
    "group": "baseline"
  },
  "wbc__std": {
    "group": "baseline"
  },
  "wbc count__std": {
    "group": "baseline"
  },
  "wbc, ascites__std": {
    "group": "baseline"
  },
  "wbc, csf__std": {
    "group": "baseline"
  },
  "wbc, joint fluid__std": {
    "group": "baseline"
  },
  "wbc, other fluid__std": {
    "group": "baseline"
  },
  "wbc, pleural__std": {
    "group": "baseline"
  },
  "white blood cells__std": {
    "group": "baseline"
  },
  "% hemoglobin a1c__min": {
    "group": "baseline"
  },
  "24 hr creatinine__min": {
    "group": "baseline"
  },
  "albumin/creatinine, urine__min": {
    "group": "baseline"
  },
  "bicarbonate__min": {
    "group": "baseline"
  },
  "bicarbonate, urine__min": {
    "group": "baseline"
  },
  "calculated bicarbonate, whole blood__min": {
    "group": "baseline"
  },
  "carboxyhemoglobin__min": {
    "group": "baseline"
  },
  "chloride__min": {
    "group": "baseline"
  },
  "chloride, urine__min": {
    "group": "baseline"
  },
  "chloride, whole blood__min": {
    "group": "baseline"
  },
  "ck-mb index__min": {
    "group": "baseline"
  },
  "creatine kinase (ck)__min": {
    "group": "baseline"
  },
  "creatinine__min": {
    "group": "baseline"
  },
  "creatinine, ascites__min": {
    "group": "baseline"
  },
  "creatinine, body fluid__min": {
    "group": "baseline"
  },
  "creatinine, pleural__min": {
    "group": "baseline"
  },
  "creatinine, urine__min": {
    "group": "baseline"
  },
  "glucose__min": {
    "group": "baseline"
  },
  "glucose, ascites__min": {
    "group": "baseline"
  },
  "glucose, body fluid__min": {
    "group": "baseline"
  },
  "glucose, csf__min": {
    "group": "baseline"
  },
  "glucose, pleural__min": {
    "group": "baseline"
  },
  "glucose, urine__min": {
    "group": "baseline"
  },
  "hematocrit__min": {
    "group": "baseline"
  },
  "hematocrit, ascites__min": {
    "group": "baseline"
  },
  "hematocrit, calculated__min": {
    "group": "baseline"
  },
  "hematocrit, joint fluid__min": {
    "group": "baseline"
  },
  "hematocrit, other fluid__min": {
    "group": "baseline"
  },
  "hematocrit, pleural__min": {
    "group": "baseline"
  },
  "hemoglobin__min": {
    "group": "baseline"
  },
  "hemoglobin c__min": {
    "group": "baseline"
  },
  "lactate__min": {
    "group": "baseline"
  },
  "lactate dehydrogenase (ld)__min": {
    "group": "baseline"
  },
  "lactate dehydrogenase, ascites__min": {
    "group": "baseline"
  },
  "lactate dehydrogenase, csf__min": {
    "group": "baseline"
  },
  "lactate dehydrogenase, pleural__min": {
    "group": "baseline"
  },
  "methemoglobin__min": {
    "group": "baseline"
  },
  "platelet count__min": {
    "group": "baseline"
  },
  "potassium__min": {
    "group": "baseline"
  },
  "potassium, urine__min": {
    "group": "baseline"
  },
  "potassium, whole blood__min": {
    "group": "baseline"
  },
  "protein/creatinine ratio__min": {
    "group": "baseline"
  },
  "sodium__min": {
    "group": "baseline"
  },
  "sodium, urine__min": {
    "group": "baseline"
  },
  "sodium, whole blood__min": {
    "group": "baseline"
  },
  "tacrofk__min": {
    "group": "baseline"
  },
  "urea nitrogen__min": {
    "group": "baseline"
  },
  "urea nitrogen, urine__min": {
    "group": "baseline"
  },
  "wbc__min": {
    "group": "baseline"
  },
  "wbc casts__min": {
    "group": "baseline"
  },
  "wbc count__min": {
    "group": "baseline"
  },
  "wbc, ascites__min": {
    "group": "baseline"
  },
  "wbc, csf__min": {
    "group": "baseline"
  },
  "wbc, joint fluid__min": {
    "group": "baseline"
  },
  "wbc, other fluid__min": {
    "group": "baseline"
  },
  "wbc, pleural__min": {
    "group": "baseline"
  },
  "white blood cells__min": {
    "group": "baseline"
  },
  "% hemoglobin a1c__max": {
    "group": "baseline"
  },
  "24 hr creatinine__max": {
    "group": "baseline"
  },
  "albumin/creatinine, urine__max": {
    "group": "baseline"
  },
  "bicarbonate__max": {
    "group": "baseline"
  },
  "bicarbonate, urine__max": {
    "group": "baseline"
  },
  "calculated bicarbonate, whole blood__max": {
    "group": "baseline"
  },
  "carboxyhemoglobin__max": {
    "group": "baseline"
  },
  "chloride__max": {
    "group": "baseline"
  },
  "chloride, urine__max": {
    "group": "baseline"
  },
  "chloride, whole blood__max": {
    "group": "baseline"
  },
  "ck-mb index__max": {
    "group": "baseline"
  },
  "creatine kinase (ck)__max": {
    "group": "baseline"
  },
  "creatinine__max": {
    "group": "baseline"
  },
  "creatinine, ascites__max": {
    "group": "baseline"
  },
  "creatinine, body fluid__max": {
    "group": "baseline"
  },
  "creatinine, pleural__max": {
    "group": "baseline"
  },
  "creatinine, urine__max": {
    "group": "baseline"
  },
  "glucose__max": {
    "group": "baseline"
  },
  "glucose, ascites__max": {
    "group": "baseline"
  },
  "glucose, body fluid__max": {
    "group": "baseline"
  },
  "glucose, csf__max": {
    "group": "baseline"
  },
  "glucose, pleural__max": {
    "group": "baseline"
  },
  "glucose, urine__max": {
    "group": "baseline"
  },
  "hematocrit__max": {
    "group": "baseline"
  },
  "hematocrit, ascites__max": {
    "group": "baseline"
  },
  "hematocrit, calculated__max": {
    "group": "baseline"
  },
  "hematocrit, joint fluid__max": {
    "group": "baseline"
  },
  "hematocrit, other fluid__max": {
    "group": "baseline"
  },
  "hematocrit, pleural__max": {
    "group": "baseline"
  },
  "hemoglobin__max": {
    "group": "baseline"
  },
  "hemoglobin c__max": {
    "group": "baseline"
  },
  "lactate__max": {
    "group": "baseline"
  },
  "lactate dehydrogenase (ld)__max": {
    "group": "baseline"
  },
  "lactate dehydrogenase, ascites__max": {
    "group": "baseline"
  },
  "lactate dehydrogenase, csf__max": {
    "group": "baseline"
  },
  "lactate dehydrogenase, pleural__max": {
    "group": "baseline"
  },
  "methemoglobin__max": {
    "group": "baseline"
  },
  "platelet count__max": {
    "group": "baseline"
  },
  "potassium__max": {
    "group": "baseline"
  },
  "potassium, urine__max": {
    "group": "baseline"
  },
  "potassium, whole blood__max": {
    "group": "baseline"
  },
  "protein/creatinine ratio__max": {
    "group": "baseline"
  },
  "sodium__max": {
    "group": "baseline"
  },
  "sodium, urine__max": {
    "group": "baseline"
  },
  "sodium, whole blood__max": {
    "group": "baseline"
  },
  "tacrofk__max": {
    "group": "baseline"
  },
  "urea nitrogen__max": {
    "group": "baseline"
  },
  "urea nitrogen, urine__max": {
    "group": "baseline"
  },
  "wbc__max": {
    "group": "baseline"
  },
  "wbc casts__max": {
    "group": "baseline"
  },
  "wbc count__max": {
    "group": "baseline"
  },
  "wbc, ascites__max": {
    "group": "baseline"
  },
  "wbc, csf__max": {
    "group": "baseline"
  },
  "wbc, joint fluid__max": {
    "group": "baseline"
  },
  "wbc, other fluid__max": {
    "group": "baseline"
  },
  "wbc, pleural__max": {
    "group": "baseline"
  },
  "white blood cells__max": {
    "group": "baseline"
  },
  "% hemoglobin a1c__range": {
    "group": "baseline"
  },
  "24 hr creatinine__range": {
    "group": "baseline"
  },
  "albumin/creatinine, urine__range": {
    "group": "baseline"
  },
  "bicarbonate__range": {
    "group": "baseline"
  },
  "bicarbonate, urine__range": {
    "group": "baseline"
  },
  "calculated bicarbonate, whole blood__range": {
    "group": "baseline"
  },
  "carboxyhemoglobin__range": {
    "group": "baseline"
  },
  "chloride__range": {
    "group": "baseline"
  },
  "chloride, urine__range": {
    "group": "baseline"
  },
  "chloride, whole blood__range": {
    "group": "baseline"
  },
  "ck-mb index__range": {
    "group": "baseline"
  },
  "creatine kinase (ck)__range": {
    "group": "baseline"
  },
  "creatinine__range": {
    "group": "baseline"
  },
  "creatinine, ascites__range": {
    "group": "baseline"
  },
  "creatinine, body fluid__range": {
    "group": "baseline"
  },
  "creatinine, pleural__range": {
    "group": "baseline"
  },
  "creatinine, urine__range": {
    "group": "baseline"
  },
  "glucose__range": {
    "group": "baseline"
  },
  "glucose, ascites__range": {
    "group": "baseline"
  },
  "glucose, body fluid__range": {
    "group": "baseline"
  },
  "glucose, csf__range": {
    "group": "baseline"
  },
  "glucose, pleural__range": {
    "group": "baseline"
  },
  "glucose, urine__range": {
    "group": "baseline"
  },
  "hematocrit__range": {
    "group": "baseline"
  },
  "hematocrit, ascites__range": {
    "group": "baseline"
  },
  "hematocrit, calculated__range": {
    "group": "baseline"
  },
  "hematocrit, joint fluid__range": {
    "group": "baseline"
  },
  "hematocrit, other fluid__range": {
    "group": "baseline"
  },
  "hematocrit, pleural__range": {
    "group": "baseline"
  },
  "hemoglobin__range": {
    "group": "baseline"
  },
  "hemoglobin c__range": {
    "group": "baseline"
  },
  "lactate__range": {
    "group": "baseline"
  },
  "lactate dehydrogenase (ld)__range": {
    "group": "baseline"
  },
  "lactate dehydrogenase, ascites__range": {
    "group": "baseline"
  },
  "lactate dehydrogenase, csf__range": {
    "group": "baseline"
  },
  "lactate dehydrogenase, pleural__range": {
    "group": "baseline"
  },
  "methemoglobin__range": {
    "group": "baseline"
  },
  "platelet count__range": {
    "group": "baseline"
  },
  "potassium__range": {
    "group": "baseline"
  },
  "potassium, urine__range": {
    "group": "baseline"
  },
  "potassium, whole blood__range": {
    "group": "baseline"
  },
  "protein/creatinine ratio__range": {
    "group": "baseline"
  },
  "sodium__range": {
    "group": "baseline"
  },
  "sodium, urine__range": {
    "group": "baseline"
  },
  "sodium, whole blood__range": {
    "group": "baseline"
  },
  "tacrofk__range": {
    "group": "baseline"
  },
  "urea nitrogen__range": {
    "group": "baseline"
  },
  "urea nitrogen, urine__range": {
    "group": "baseline"
  },
  "wbc__range": {
    "group": "baseline"
  },
  "wbc casts__range": {
    "group": "baseline"
  },
  "wbc count__range": {
    "group": "baseline"
  },
  "wbc, ascites__range": {
    "group": "baseline"
  },
  "wbc, csf__range": {
    "group": "baseline"
  },
  "wbc, joint fluid__range": {
    "group": "baseline"
  },
  "wbc, other fluid__range": {
    "group": "baseline"
  },
  "wbc, pleural__range": {
    "group": "baseline"
  },
  "white blood cells__range": {
    "group": "baseline"
  },
  "% hemoglobin a1c__last": {
    "group": "baseline"
  },
  "24 hr creatinine__last": {
    "group": "baseline"
  },
  "albumin/creatinine, urine__last": {
    "group": "baseline"
  },
  "bicarbonate__last": {
    "group": "baseline"
  },
  "bicarbonate, urine__last": {
    "group": "baseline"
  },
  "calculated bicarbonate, whole blood__last": {
    "group": "baseline"
  },
  "carboxyhemoglobin__last": {
    "group": "baseline"
  },
  "chloride__last": {
    "group": "baseline"
  },
  "chloride, urine__last": {
    "group": "baseline"
  },
  "chloride, whole blood__last": {
    "group": "baseline"
  },
  "ck-mb index__last": {
    "group": "baseline"
  },
  "creatine kinase (ck)__last": {
    "group": "baseline"
  },
  "creatinine__last": {
    "group": "baseline"
  },
  "creatinine, ascites__last": {
    "group": "baseline"
  },
  "creatinine, body fluid__last": {
    "group": "baseline"
  },
  "creatinine, pleural__last": {
    "group": "baseline"
  },
  "creatinine, urine__last": {
    "group": "baseline"
  },
  "glucose__last": {
    "group": "baseline"
  },
  "glucose, ascites__last": {
    "group": "baseline"
  },
  "glucose, body fluid__last": {
    "group": "baseline"
  },
  "glucose, csf__last": {
    "group": "baseline"
  },
  "glucose, pleural__last": {
    "group": "baseline"
  },
  "glucose, urine__last": {
    "group": "baseline"
  },
  "hematocrit__last": {
    "group": "baseline"
  },
  "hematocrit, ascites__last": {
    "group": "baseline"
  },
  "hematocrit, calculated__last": {
    "group": "baseline"
  },
  "hematocrit, joint fluid__last": {
    "group": "baseline"
  },
  "hematocrit, other fluid__last": {
    "group": "baseline"
  },
  "hematocrit, pleural__last": {
    "group": "baseline"
  },
  "hemoglobin__last": {
    "group": "baseline"
  },
  "hemoglobin c__last": {
    "group": "baseline"
  },
  "lactate__last": {
    "group": "baseline"
  },
  "lactate dehydrogenase (ld)__last": {
    "group": "baseline"
  },
  "lactate dehydrogenase, ascites__last": {
    "group": "baseline"
  },
  "lactate dehydrogenase, csf__last": {
    "group": "baseline"
  },
  "lactate dehydrogenase, pleural__last": {
    "group": "baseline"
  },
  "methemoglobin__last": {
    "group": "baseline"
  },
  "platelet count__last": {
    "group": "baseline"
  },
  "potassium__last": {
    "group": "baseline"
  },
  "potassium, urine__last": {
    "group": "baseline"
  },
  "potassium, whole blood__last": {
    "group": "baseline"
  },
  "protein/creatinine ratio__last": {
    "group": "baseline"
  },
  "sodium__last": {
    "group": "baseline"
  },
  "sodium, urine__last": {
    "group": "baseline"
  },
  "sodium, whole blood__last": {
    "group": "baseline"
  },
  "tacrofk__last": {
    "group": "baseline"
  },
  "urea nitrogen__last": {
    "group": "baseline"
  },
  "urea nitrogen, urine__last": {
    "group": "baseline"
  },
  "wbc__last": {
    "group": "baseline"
  },
  "wbc casts__last": {
    "group": "baseline"
  },
  "wbc count__last": {
    "group": "baseline"
  },
  "wbc, ascites__last": {
    "group": "baseline"
  },
  "wbc, csf__last": {
    "group": "baseline"
  },
  "wbc, joint fluid__last": {
    "group": "baseline"
  },
  "wbc, other fluid__last": {
    "group": "baseline"
  },
  "wbc, pleural__last": {
    "group": "baseline"
  },
  "white blood cells__last": {
    "group": "baseline"
  },
  "% hemoglobin a1c__count": {
    "group": "missingness"
  },
  "24 hr creatinine__count": {
    "group": "missingness"
  },
  "albumin/creatinine, urine__count": {
    "group": "missingness"
  },
  "bicarbonate__count": {
    "group": "missingness"
  },
  "bicarbonate, urine__count": {
    "group": "missingness"
  },
  "calculated bicarbonate, whole blood__count": {
    "group": "missingness"
  },
  "carboxyhemoglobin__count": {
    "group": "missingness"
  },
  "chloride__count": {
    "group": "missingness"
  },
  "chloride, urine__count": {
    "group": "missingness"
  },
  "chloride, whole blood__count": {
    "group": "missingness"
  },
  "ck-mb index__count": {
    "group": "missingness"
  },
  "creatine kinase (ck)__count": {
    "group": "missingness"
  },
  "creatinine__count": {
    "group": "missingness"
  },
  "creatinine, ascites__count": {
    "group": "missingness"
  },
  "creatinine, body fluid__count": {
    "group": "missingness"
  },
  "creatinine, pleural__count": {
    "group": "missingness"
  },
  "creatinine, urine__count": {
    "group": "missingness"
  },
  "glucose__count": {
    "group": "missingness"
  },
  "glucose, ascites__count": {
    "group": "missingness"
  },
  "glucose, body fluid__count": {
    "group": "missingness"
  },
  "glucose, csf__count": {
    "group": "missingness"
  },
  "glucose, pleural__count": {
    "group": "missingness"
  },
  "glucose, urine__count": {
    "group": "missingness"
  },
  "hematocrit__count": {
    "group": "missingness"
  },
  "hematocrit, ascites__count": {
    "group": "missingness"
  },
  "hematocrit, calculated__count": {
    "group": "missingness"
  },
  "hematocrit, joint fluid__count": {
    "group": "missingness"
  },
  "hematocrit, other fluid__count": {
    "group": "missingness"
  },
  "hematocrit, pleural__count": {
    "group": "missingness"
  },
  "hemoglobin__count": {
    "group": "missingness"
  },
  "hemoglobin c__count": {
    "group": "missingness"
  },
  "lactate__count": {
    "group": "missingness"
  },
  "lactate dehydrogenase (ld)__count": {
    "group": "missingness"
  },
  "lactate dehydrogenase, ascites__count": {
    "group": "missingness"
  },
  "lactate dehydrogenase, csf__count": {
    "group": "missingness"
  },
  "lactate dehydrogenase, pleural__count": {
    "group": "missingness"
  },
  "methemoglobin__count": {
    "group": "missingness"
  },
  "platelet count__count": {
    "group": "missingness"
  },
  "potassium__count": {
    "group": "missingness"
  },
  "potassium, urine__count": {
    "group": "missingness"
  },
  "potassium, whole blood__count": {
    "group": "missingness"
  },
  "protein/creatinine ratio__count": {
    "group": "missingness"
  },
  "sodium__count": {
    "group": "missingness"
  },
  "sodium, urine__count": {
    "group": "missingness"
  },
  "sodium, whole blood__count": {
    "group": "missingness"
  },
  "tacrofk__count": {
    "group": "missingness"
  },
  "urea nitrogen__count": {
    "group": "missingness"
  },
  "urea nitrogen, urine__count": {
    "group": "missingness"
  },
  "wbc__count": {
    "group": "missingness"
  },
  "wbc casts__count": {
    "group": "missingness"
  },
  "wbc count__count": {
    "group": "missingness"
  },
  "wbc, ascites__count": {
    "group": "missingness"
  },
  "wbc, csf__count": {
    "group": "missingness"
  },
  "wbc, joint fluid__count": {
    "group": "missingness"
  },
  "wbc, other fluid__count": {
    "group": "missingness"
  },
  "wbc, pleural__count": {
    "group": "missingness"
  },
  "white blood cells__count": {
    "group": "missingness"
  },
  "% hemoglobin a1c__measured": {
    "group": "missingness"
  },
  "24 hr creatinine__measured": {
    "group": "missingness"
  },
  "albumin/creatinine, urine__measured": {
    "group": "missingness"
  },
  "bicarbonate__measured": {
    "group": "missingness"
  },
  "bicarbonate, urine__measured": {
    "group": "missingness"
  },
  "calculated bicarbonate, whole blood__measured": {
    "group": "missingness"
  },
  "carboxyhemoglobin__measured": {
    "group": "missingness"
  },
  "chloride__measured": {
    "group": "missingness"
  },
  "chloride, urine__measured": {
    "group": "missingness"
  },
  "chloride, whole blood__measured": {
    "group": "missingness"
  },
  "ck-mb index__measured": {
    "group": "missingness"
  },
  "creatine kinase (ck)__measured": {
    "group": "missingness"
  },
  "creatinine__measured": {
    "group": "missingness"
  },
  "creatinine, ascites__measured": {
    "group": "missingness"
  },
  "creatinine, body fluid__measured": {
    "group": "missingness"
  },
  "creatinine, pleural__measured": {
    "group": "missingness"
  },
  "creatinine, urine__measured": {
    "group": "missingness"
  },
  "glucose__measured": {
    "group": "missingness"
  },
  "glucose, ascites__measured": {
    "group": "missingness"
  },
  "glucose, body fluid__measured": {
    "group": "missingness"
  },
  "glucose, csf__measured": {
    "group": "missingness"
  },
  "glucose, pleural__measured": {
    "group": "missingness"
  },
  "glucose, urine__measured": {
    "group": "missingness"
  },
  "hematocrit__measured": {
    "group": "missingness"
  },
  "hematocrit, ascites__measured": {
    "group": "missingness"
  },
  "hematocrit, calculated__measured": {
    "group": "missingness"
  },
  "hematocrit, joint fluid__measured": {
    "group": "missingness"
  },
  "hematocrit, other fluid__measured": {
    "group": "missingness"
  },
  "hematocrit, pleural__measured": {
    "group": "missingness"
  },
  "hemoglobin__measured": {
    "group": "missingness"
  },
  "hemoglobin c__measured": {
    "group": "missingness"
  },
  "lactate__measured": {
    "group": "missingness"
  },
  "lactate dehydrogenase (ld)__measured": {
    "group": "missingness"
  },
  "lactate dehydrogenase, ascites__measured": {
    "group": "missingness"
  },
  "lactate dehydrogenase, csf__measured": {
    "group": "missingness"
  },
  "lactate dehydrogenase, pleural__measured": {
    "group": "missingness"
  },
  "methemoglobin__measured": {
    "group": "missingness"
  },
  "platelet count__measured": {
    "group": "missingness"
  },
  "potassium__measured": {
    "group": "missingness"
  },
  "potassium, urine__measured": {
    "group": "missingness"
  },
  "potassium, whole blood__measured": {
    "group": "missingness"
  },
  "protein/creatinine ratio__measured": {
    "group": "missingness"
  },
  "sodium__measured": {
    "group": "missingness"
  },
  "sodium, urine__measured": {
    "group": "missingness"
  },
  "sodium, whole blood__measured": {
    "group": "missingness"
  },
  "tacrofk__measured": {
    "group": "missingness"
  },
  "urea nitrogen__measured": {
    "group": "missingness"
  },
  "urea nitrogen, urine__measured": {
    "group": "missingness"
  },
  "wbc__measured": {
    "group": "missingness"
  },
  "wbc casts__measured": {
    "group": "missingness"
  },
  "wbc count__measured": {
    "group": "missingness"
  },
  "wbc, ascites__measured": {
    "group": "missingness"
  },
  "wbc, csf__measured": {
    "group": "missingness"
  },
  "wbc, joint fluid__measured": {
    "group": "missingness"
  },
  "wbc, other fluid__measured": {
    "group": "missingness"
  },
  "wbc, pleural__measured": {
    "group": "missingness"
  },
  "white blood cells__measured": {
    "group": "missingness"
  },
  "rx_total_mentions": {
    "group": "baseline"
  },
  "rx_unique_drugs": {
    "group": "baseline"
  },
  "0": {
    "group": "baseline"
  },
  "1": {
    "group": "baseline"
  },
  "2": {
    "group": "baseline"
  },
  "3": {
    "group": "baseline"
  },
  "proc_vent_any": {
    "group": "baseline"
  },
  "proc_rrt_any": {
    "group": "baseline"
  },
  "proc_central_line_any": {
    "group": "baseline"
  },
  "admit_hour": {
    "group": "baseline"
  },
  "admit_weekend": {
    "group": "baseline"
  },
  "admit_month": {
    "group": "baseline"
  },
  "__feature_schema_version__": {
    "group": "2025-Block1-missingness-v1"
  }
}